traveler_id,destination_id,rating
T0001,D015,4
T0001,D001,4
T0001,D009,3
T0001,D002,4
T0001,D026,4
T0001,D013,5
T0001,D010,4
T0001,D012,3
T0001,D014,3
T0001,D008,4
T0001,D019,5
T0001,D006,4
T0001,D011,3
T0002,D005,3
T0002,D017,4
T0002,D025,3
T0002,D007,4
T0002,D023,4
T0002,D019,4
T0002,D018,4
T0002,D003,4
T0002,D012,4
T0002,D009,3
T0002,D015,4
T0002,D026,3
T0003,D019,4
T0003,D021,5
T0003,D014,2
T0003,D011,4
T0003,D016,4
T0003,D013,4
T0003,D008,3
T0003,D020,4
T0003,D026,4
T0003,D022,3
T0003,D017,4
T0003,D010,3
T0004,D022,4
T0004,D005,5
T0004,D002,4
T0004,D009,4
T0004,D017,5
T0004,D006,4
T0004,D010,5
T0004,D015,4
T0004,D019,3
T0005,D015,2
T0005,D016,4
T0005,D019,4
T0005,D006,5
T0005,D023,4
T0005,D020,3
T0005,D009,4
T0005,D013,3
T0005,D018,3
T0005,D022,3
T0005,D011,4
T0005,D010,4
T0005,D026,4
T0005,D002,3
T0005,D021,4
T0006,D012,4
T0006,D011,4
T0006,D023,5
T0006,D003,3
T0006,D026,3
T0006,D005,3
T0006,D022,4
T0006,D009,3
T0006,D006,4
T0006,D001,4
T0006,D010,4
T0007,D003,3
T0007,D013,3
T0007,D011,4
T0007,D019,3
T0007,D018,4
T0007,D005,4
T0007,D021,4
T0007,D025,4
T0007,D017,4
T0007,D009,4
T0007,D008,4
T0008,D024,4
T0008,D002,5
T0008,D001,4
T0008,D013,4
T0008,D023,4
T0008,D006,4
T0008,D011,4
T0008,D014,3
T0008,D007,3
T0008,D012,4
T0008,D021,4
T0008,D009,3
T0008,D020,4
T0008,D015,4
T0008,D003,4
T0009,D023,3
T0009,D021,3
T0009,D017,4
T0009,D006,4
T0009,D001,4
T0009,D024,3
T0009,D026,4
T0009,D018,4
T0009,D007,3
T0009,D013,4
T0009,D005,4
T0009,D002,4
T0010,D013,3
T0010,D010,4
T0010,D022,4
T0010,D021,2
T0010,D016,2
T0010,D009,4
T0010,D014,2
T0011,D018,4
T0011,D019,2
T0011,D024,3
T0011,D001,4
T0011,D026,4
T0011,D002,2
T0011,D014,2
T0011,D005,3
T0011,D021,3
T0011,D010,4
T0011,D017,3
T0011,D025,2
T0012,D024,3
T0012,D019,4
T0012,D013,4
T0012,D023,4
T0012,D003,3
T0012,D006,3
T0012,D010,3
T0012,D014,3
T0012,D015,4
T0012,D021,3
T0012,D002,3
T0012,D009,3
T0012,D022,4
T0013,D008,3
T0013,D011,5
T0013,D022,4
T0013,D025,3
T0013,D003,3
T0013,D010,4
T0013,D017,4
T0013,D013,3
T0013,D007,3
T0013,D004,4
T0013,D015,3
T0013,D005,3
T0014,D005,5
T0014,D014,3
T0014,D021,3
T0014,D024,4
T0014,D011,3
T0014,D016,2
T0014,D026,3
T0014,D002,4
T0014,D010,4
T0014,D012,2
T0014,D009,4
T0015,D021,4
T0015,D018,3
T0015,D019,3
T0015,D012,2
T0015,D010,4
T0015,D006,5
T0015,D004,4
T0015,D009,5
T0015,D002,4
T0015,D015,3
T0015,D003,2
T0016,D020,3
T0016,D015,3
T0016,D024,3
T0016,D001,4
T0016,D025,3
T0016,D019,4
T0016,D014,3
T0016,D017,4
T0016,D023,4
T0016,D007,2
T0016,D016,4
T0016,D006,4
T0016,D005,3
T0016,D012,3
T0016,D003,4
T0016,D004,3
T0016,D008,4
T0017,D025,2
T0017,D016,3
T0017,D017,3
T0017,D023,3
T0017,D001,4
T0017,D006,4
T0017,D008,3
T0017,D012,4
T0017,D022,4
T0017,D015,5
T0017,D004,4
T0017,D007,4
T0017,D018,4
T0017,D011,3
T0017,D026,3
T0017,D021,3
T0017,D009,3
T0017,D019,3
T0017,D020,4
T0017,D003,3
T0017,D014,3
T0018,D002,3
T0018,D026,4
T0018,D010,2
T0018,D008,3
T0018,D023,4
T0018,D016,3
T0018,D018,3
T0018,D021,4
T0018,D009,3
T0018,D014,3
T0018,D019,4
T0018,D013,4
T0018,D006,3
T0018,D020,3
T0018,D011,4
T0018,D003,4
T0018,D017,3
T0019,D006,4
T0019,D014,4
T0019,D023,4
T0019,D020,4
T0019,D019,4
T0019,D013,4
T0019,D008,3
T0019,D009,3
T0019,D025,3
T0019,D010,3
T0020,D008,5
T0020,D002,3
T0020,D023,3
T0020,D020,4
T0020,D013,4
T0020,D026,3
T0020,D015,4
T0021,D026,5
T0021,D022,3
T0021,D023,4
T0021,D013,3
T0021,D010,4
T0021,D024,3
T0021,D003,3
T0021,D001,4
T0021,D011,4
T0021,D009,3
T0022,D005,4
T0022,D001,3
T0022,D017,4
T0022,D023,3
T0022,D021,3
T0022,D012,3
T0022,D015,3
T0023,D006,4
T0023,D013,3
T0023,D004,5
T0023,D024,5
T0023,D021,4
T0023,D010,3
T0023,D015,4
T0023,D002,4
T0023,D026,4
T0023,D003,3
T0023,D012,4
T0023,D020,4
T0024,D010,4
T0024,D001,5
T0024,D018,3
T0024,D021,4
T0024,D003,3
T0024,D012,3
T0024,D015,4
T0024,D024,3
T0024,D005,3
T0024,D006,3
T0024,D022,4
T0025,D017,4
T0025,D008,3
T0025,D009,4
T0025,D010,5
T0025,D004,4
T0025,D026,5
T0025,D021,2
T0025,D006,4
T0025,D022,4
T0025,D005,4
T0025,D002,5
T0025,D007,2
T0025,D016,3
T0026,D006,4
T0026,D019,4
T0026,D013,4
T0026,D002,4
T0026,D023,4
T0026,D014,3
T0026,D012,4
T0026,D010,3
T0026,D016,3
T0027,D020,5
T0027,D013,4
T0027,D018,3
T0027,D019,4
T0027,D011,4
T0027,D010,4
T0027,D004,3
T0027,D017,3
T0028,D010,4
T0028,D021,2
T0028,D011,4
T0028,D023,5
T0028,D022,4
T0028,D018,4
T0028,D009,4
T0028,D024,3
T0028,D008,3
T0028,D026,4
T0028,D012,3
T0028,D016,3
T0028,D006,4
T0028,D004,4
T0029,D018,4
T0029,D010,3
T0029,D002,4
T0029,D012,4
T0029,D023,4
T0029,D011,4
T0029,D001,5
T0029,D017,3
T0029,D022,4
T0029,D021,4
T0029,D005,3
T0030,D024,3
T0030,D019,5
T0030,D013,5
T0030,D014,3
T0030,D006,3
T0030,D025,3
T0030,D018,3
T0030,D008,3
T0030,D021,5
T0030,D023,3
T0030,D020,3
T0030,D003,3
T0030,D010,3
T0030,D005,3
T0030,D015,4
T0030,D026,4
T0031,D022,4
T0031,D014,3
T0031,D013,3
T0031,D024,5
T0031,D001,4
T0031,D015,4
T0031,D016,4
T0031,D019,3
T0031,D010,4
T0031,D017,5
T0031,D020,3
T0032,D018,3
T0032,D026,3
T0032,D003,2
T0032,D011,3
T0032,D013,2
T0032,D023,4
T0032,D020,2
T0032,D016,3
T0032,D005,3
T0032,D001,4
T0032,D006,4
T0032,D022,4
T0032,D019,3
T0032,D024,3
T0032,D012,3
T0032,D014,2
T0032,D007,2
T0032,D002,2
T0032,D025,3
T0032,D009,3
T0032,D004,3
T0032,D010,4
T0033,D012,3
T0033,D011,4
T0033,D009,4
T0033,D010,3
T0033,D001,4
T0033,D025,3
T0033,D013,4
T0033,D023,4
T0033,D019,4
T0034,D001,3
T0034,D021,3
T0034,D015,3
T0034,D026,3
T0034,D012,3
T0034,D019,4
T0034,D025,3
T0034,D009,3
T0034,D022,3
T0034,D006,4
T0034,D023,3
T0034,D003,3
T0034,D005,3
T0034,D010,2
T0034,D007,3
T0035,D011,3
T0035,D003,2
T0035,D002,3
T0035,D007,3
T0035,D006,3
T0035,D005,3
T0035,D018,4
T0035,D016,3
T0035,D022,4
T0035,D024,4
T0036,D006,5
T0036,D018,4
T0036,D019,4
T0036,D005,4
T0036,D022,4
T0036,D011,4
T0036,D020,4
T0036,D001,4
T0036,D017,4
T0036,D013,4
T0036,D016,4
T0036,D021,3
T0036,D010,4
T0037,D009,3
T0037,D004,3
T0037,D019,3
T0037,D008,4
T0037,D021,3
T0037,D020,2
T0037,D010,4
T0037,D001,3
T0037,D026,3
T0038,D001,4
T0038,D007,4
T0038,D019,5
T0038,D021,5
T0038,D020,4
T0038,D003,4
T0038,D012,4
T0039,D023,4
T0039,D017,4
T0039,D024,3
T0039,D011,4
T0039,D003,4
T0039,D020,4
T0039,D016,3
T0039,D015,4
T0039,D002,3
T0040,D015,5
T0040,D019,4
T0040,D022,4
T0040,D009,3
T0040,D021,4
T0040,D007,4
T0040,D025,3
T0040,D013,5
T0040,D017,3
T0041,D024,3
T0041,D006,3
T0041,D001,4
T0041,D013,4
T0041,D022,4
T0041,D007,3
T0041,D023,4
T0041,D021,4
T0041,D015,4
T0041,D011,3
T0041,D002,2
T0041,D017,3
T0041,D003,3
T0041,D008,4
T0041,D026,3
T0041,D010,3
T0042,D023,4
T0042,D026,4
T0042,D013,5
T0042,D019,4
T0042,D021,5
T0042,D003,4
T0042,D011,3
T0042,D020,3
T0043,D021,5
T0043,D012,2
T0043,D008,4
T0043,D023,3
T0043,D018,2
T0043,D020,3
T0043,D015,4
T0043,D009,3
T0043,D002,2
T0043,D011,4
T0043,D003,3
T0043,D007,3
T0043,D019,5
T0043,D001,3
T0043,D005,3
T0043,D022,3
T0043,D013,4
T0043,D026,4
T0043,D016,3
T0044,D019,5
T0044,D023,3
T0044,D003,4
T0044,D008,4
T0044,D011,3
T0044,D021,4
T0044,D017,3
T0044,D001,4
T0044,D024,4
T0044,D025,2
T0044,D012,3
T0044,D020,4
T0044,D004,3
T0044,D002,4
T0044,D022,4
T0044,D013,4
T0045,D024,4
T0045,D017,4
T0045,D013,3
T0045,D026,5
T0045,D011,3
T0045,D005,3
T0045,D020,3
T0045,D009,5
T0045,D023,3
T0045,D010,4
T0046,D022,4
T0046,D001,5
T0046,D006,4
T0046,D013,4
T0046,D018,3
T0046,D026,5
T0046,D017,4
T0046,D024,3
T0046,D019,4
T0046,D023,3
T0046,D021,4
T0046,D008,4
T0046,D009,3
T0046,D004,3
T0046,D007,3
T0046,D012,3
T0047,D026,4
T0047,D012,4
T0047,D021,3
T0047,D015,4
T0047,D007,3
T0047,D013,4
T0047,D018,4
T0047,D016,2
T0047,D009,4
T0047,D024,5
T0047,D005,5
T0047,D025,3
T0047,D004,5
T0047,D014,3
T0048,D025,3
T0048,D001,4
T0048,D004,4
T0048,D008,4
T0048,D006,4
T0048,D003,4
T0048,D021,4
T0048,D022,4
T0048,D023,4
T0048,D013,4
T0049,D018,4
T0049,D021,4
T0049,D012,3
T0049,D026,4
T0049,D001,4
T0049,D004,3
T0049,D011,3
T0049,D020,4
T0049,D023,3
T0049,D025,3
T0049,D007,4
T0049,D003,3
T0050,D009,3
T0050,D001,4
T0050,D023,3
T0050,D019,3
T0050,D010,4
T0050,D021,3
T0050,D018,2
T0050,D007,3
T0050,D016,2
T0050,D002,3
T0050,D011,3
T0050,D026,4
T0050,D013,3
T0050,D008,3
T0050,D015,3
T0050,D022,2
T0050,D025,2
T0050,D006,3
T0051,D017,4
T0051,D015,4
T0051,D012,4
T0051,D005,3
T0051,D008,4
T0051,D018,3
T0051,D011,4
T0052,D002,4
T0052,D019,3
T0052,D017,4
T0052,D018,5
T0052,D022,5
T0052,D005,5
T0052,D013,3
T0052,D023,4
T0052,D010,4
T0053,D008,4
T0053,D003,3
T0053,D013,3
T0053,D015,4
T0053,D011,4
T0053,D007,3
T0053,D006,5
T0053,D017,4
T0053,D010,4
T0053,D009,4
T0053,D018,4
T0054,D014,3
T0054,D013,3
T0054,D001,5
T0054,D010,5
T0054,D007,3
T0054,D019,4
T0054,D024,3
T0054,D016,3
T0054,D026,5
T0054,D009,4
T0054,D005,3
T0054,D003,3
T0054,D023,4
T0054,D015,4
T0055,D010,5
T0055,D002,4
T0055,D013,3
T0055,D022,5
T0055,D009,5
T0055,D024,5
T0055,D005,4
T0055,D019,3
T0055,D015,4
T0055,D001,4
T0055,D021,3
T0055,D018,5
T0055,D017,5
T0055,D008,3
T0056,D013,4
T0056,D022,3
T0056,D008,3
T0056,D005,3
T0056,D010,3
T0056,D007,3
T0056,D016,3
T0056,D021,3
T0056,D006,3
T0056,D019,3
T0056,D017,2
T0056,D026,4
T0056,D015,4
T0056,D018,3
T0057,D001,4
T0057,D013,3
T0057,D024,4
T0057,D017,4
T0057,D010,4
T0057,D018,3
T0057,D005,2
T0057,D026,4
T0057,D009,4
T0058,D012,4
T0058,D002,3
T0058,D024,4
T0058,D001,4
T0058,D022,3
T0058,D021,3
T0058,D015,2
T0058,D020,3
T0058,D006,4
T0058,D023,4
T0058,D011,5
T0058,D013,3
T0058,D018,4
T0058,D026,4
T0059,D002,4
T0059,D024,4
T0059,D006,5
T0059,D022,4
T0059,D015,4
T0059,D017,5
T0059,D019,3
T0059,D016,3
T0059,D010,4
T0059,D018,4
T0059,D005,5
T0059,D004,4
T0060,D002,2
T0060,D016,3
T0060,D026,3
T0060,D024,3
T0060,D012,4
T0060,D008,3
T0060,D007,4
T0060,D006,4
T0060,D023,4
T0061,D025,3
T0061,D013,3
T0061,D017,4
T0061,D009,4
T0061,D015,5
T0061,D024,4
T0061,D010,4
T0061,D005,4
T0061,D004,4
T0061,D020,2
T0062,D012,4
T0062,D007,4
T0062,D019,3
T0062,D016,5
T0062,D014,3
T0062,D018,4
T0062,D025,4
T0062,D006,4
T0062,D011,4
T0062,D020,5
T0062,D010,3
T0062,D004,4
T0062,D001,4
T0063,D022,4
T0063,D013,3
T0063,D024,3
T0063,D019,2
T0063,D015,3
T0063,D009,4
T0063,D004,4
T0063,D001,4
T0063,D005,3
T0063,D026,4
T0063,D010,4
T0063,D014,3
T0063,D011,4
T0063,D017,3
T0063,D018,3
T0064,D011,4
T0064,D002,3
T0064,D006,4
T0064,D012,4
T0064,D024,2
T0064,D007,3
T0064,D001,4
T0065,D005,4
T0065,D012,3
T0065,D019,4
T0065,D021,4
T0065,D001,3
T0065,D003,3
T0065,D015,4
T0065,D014,3
T0066,D024,4
T0066,D010,4
T0066,D020,2
T0066,D019,3
T0066,D002,4
T0066,D006,3
T0066,D004,3
T0066,D026,5
T0066,D009,5
T0066,D017,4
T0066,D001,3
T0066,D015,4
T0066,D016,3
T0067,D015,3
T0067,D011,3
T0067,D002,4
T0067,D007,2
T0067,D004,4
T0067,D020,4
T0067,D026,4
T0067,D010,4
T0068,D003,4
T0068,D019,4
T0068,D011,3
T0068,D026,4
T0068,D021,5
T0068,D001,4
T0068,D010,3
T0068,D022,3
T0068,D015,4
T0068,D023,4
T0068,D006,2
T0068,D008,4
T0069,D006,4
T0069,D015,4
T0069,D010,4
T0069,D022,4
T0069,D026,4
T0069,D009,5
T0069,D024,4
T0069,D016,3
T0069,D013,3
T0069,D001,3
T0069,D017,4
T0069,D003,3
T0069,D011,3
T0069,D004,4
T0070,D015,3
T0070,D003,2
T0070,D002,3
T0070,D013,3
T0070,D025,3
T0070,D005,2
T0070,D010,4
T0070,D023,4
T0070,D016,3
T0070,D008,3
T0071,D020,3
T0071,D008,5
T0071,D003,4
T0071,D019,5
T0071,D004,3
T0071,D009,3
T0071,D005,4
T0071,D021,5
T0071,D024,4
T0072,D024,4
T0072,D010,3
T0072,D023,4
T0072,D018,4
T0072,D016,3
T0072,D004,4
T0072,D020,3
T0072,D011,4
T0072,D026,4
T0072,D013,4
T0072,D002,4
T0072,D006,4
T0072,D009,3
T0073,D005,4
T0073,D006,4
T0073,D004,4
T0073,D017,4
T0073,D002,4
T0073,D021,3
T0073,D018,4
T0073,D001,4
T0073,D012,3
T0073,D007,3
T0073,D020,3
T0073,D014,3
T0073,D009,3
T0074,D015,3
T0074,D021,4
T0074,D010,4
T0074,D016,4
T0074,D020,4
T0074,D009,4
T0074,D022,4
T0074,D001,4
T0074,D018,4
T0074,D013,3
T0074,D019,3
T0074,D012,4
T0074,D025,4
T0075,D019,5
T0075,D004,3
T0075,D026,3
T0075,D008,3
T0075,D022,3
T0075,D001,4
T0075,D024,3
T0075,D002,4
T0075,D003,3
T0075,D015,3
T0075,D021,4
T0075,D014,3
T0075,D006,4
T0075,D025,3
T0075,D020,3
T0075,D018,2
T0075,D010,3
T0075,D007,3
T0075,D005,4
T0076,D015,4
T0076,D009,5
T0076,D010,4
T0076,D004,4
T0076,D011,3
T0076,D012,3
T0076,D002,3
T0076,D008,4
T0076,D001,4
T0076,D007,4
T0076,D019,3
T0076,D017,5
T0076,D026,5
T0077,D004,3
T0077,D009,3
T0077,D002,3
T0077,D010,3
T0077,D025,3
T0077,D026,3
T0077,D005,2
T0077,D006,4
T0077,D018,4
T0077,D003,3
T0077,D020,2
T0077,D023,3
T0077,D015,3
T0077,D008,3
T0078,D022,4
T0078,D018,5
T0078,D006,5
T0078,D005,5
T0078,D011,3
T0078,D015,5
T0078,D013,4
T0078,D014,4
T0078,D017,5
T0079,D017,3
T0079,D024,3
T0079,D020,4
T0079,D022,3
T0079,D013,4
T0079,D023,4
T0079,D008,4
T0079,D007,5
T0079,D018,3
T0079,D010,3
T0079,D002,2
T0079,D009,3
T0079,D011,3
T0079,D001,4
T0079,D014,4
T0079,D006,3
T0080,D020,4
T0080,D022,3
T0080,D014,2
T0080,D001,4
T0080,D003,3
T0080,D024,3
T0080,D016,5
T0080,D017,4
T0080,D012,5
T0080,D011,5
T0080,D006,4
T0081,D006,4
T0081,D026,4
T0081,D010,4
T0081,D015,4
T0081,D021,4
T0081,D011,3
T0081,D022,4
T0081,D023,4
T0081,D012,2
T0081,D009,3
T0081,D002,4
T0081,D007,3
T0081,D001,4
T0082,D026,4
T0082,D008,3
T0082,D013,4
T0082,D006,4
T0082,D022,4
T0082,D025,2
T0082,D010,4
T0082,D023,3
T0082,D005,4
T0082,D009,4
T0082,D020,3
T0082,D015,4
T0083,D025,2
T0083,D024,3
T0083,D018,3
T0083,D001,2
T0083,D023,3
T0083,D015,3
T0083,D009,2
T0083,D016,3
T0083,D010,2
T0083,D004,3
T0083,D026,3
T0083,D005,3
T0083,D012,3
T0083,D019,3
T0083,D007,4
T0083,D021,2
T0084,D001,4
T0084,D004,4
T0084,D003,3
T0084,D005,4
T0084,D007,4
T0084,D024,4
T0084,D022,4
T0084,D021,4
T0084,D013,5
T0084,D019,4
T0084,D017,4
T0084,D020,4
T0084,D002,3
T0085,D021,4
T0085,D011,4
T0085,D007,3
T0085,D022,4
T0085,D023,3
T0085,D003,3
T0085,D012,3
T0085,D018,3
T0085,D006,4
T0085,D017,3
T0085,D009,3
T0085,D010,3
T0085,D001,3
T0086,D022,4
T0086,D008,3
T0086,D006,4
T0086,D002,4
T0086,D017,5
T0086,D012,3
T0086,D024,5
T0086,D021,3
T0086,D016,4
T0086,D015,4
T0086,D004,5
T0086,D009,5
T0086,D010,5
T0087,D009,4
T0087,D017,4
T0087,D022,4
T0087,D015,4
T0087,D002,4
T0087,D026,4
T0087,D012,4
T0087,D019,3
T0087,D004,5
T0087,D016,3
T0087,D021,4
T0087,D010,4
T0087,D013,3
T0087,D007,3
T0087,D024,5
T0088,D026,5
T0088,D004,4
T0088,D009,4
T0088,D006,4
T0088,D013,3
T0088,D024,5
T0088,D021,3
T0088,D018,5
T0088,D012,3
T0088,D003,3
T0088,D010,4
T0088,D002,4
T0088,D005,4
T0089,D021,3
T0089,D018,3
T0089,D017,3
T0089,D007,3
T0089,D026,5
T0089,D011,3
T0089,D015,4
T0089,D005,3
T0089,D010,4
T0089,D002,2
T0089,D024,4
T0089,D004,3
T0089,D009,3
T0090,D009,4
T0090,D002,4
T0090,D015,4
T0090,D021,3
T0090,D007,3
T0090,D006,4
T0090,D010,4
T0090,D005,5
T0090,D004,4
T0090,D018,4
T0090,D022,5
T0091,D012,4
T0091,D006,4
T0091,D026,3
T0091,D002,4
T0091,D018,4
T0091,D020,4
T0091,D021,4
T0092,D006,4
T0092,D001,4
T0092,D016,3
T0092,D023,3
T0092,D017,4
T0092,D004,4
T0092,D024,4
T0092,D022,5
T0092,D015,3
T0092,D026,4
T0092,D014,3
T0092,D002,4
T0093,D012,2
T0093,D017,4
T0093,D026,4
T0093,D022,3
T0093,D020,3
T0093,D013,3
T0093,D018,4
T0093,D009,4
T0093,D015,2
T0093,D014,2
T0094,D012,4
T0094,D002,4
T0094,D020,3
T0094,D010,3
T0094,D018,3
T0094,D026,3
T0094,D022,4
T0094,D017,3
T0094,D005,4
T0094,D013,4
T0094,D024,4
T0094,D009,3
T0095,D026,4
T0095,D023,5
T0095,D017,3
T0095,D009,3
T0095,D007,4
T0095,D006,4
T0095,D001,4
T0095,D022,3
T0095,D020,3
T0095,D016,3
T0095,D008,3
T0096,D011,4
T0096,D018,3
T0096,D020,3
T0096,D001,5
T0096,D014,3
T0096,D002,3
T0096,D008,4
T0096,D026,4
T0097,D009,4
T0097,D020,4
T0097,D010,3
T0097,D021,3
T0097,D013,4
T0097,D026,3
T0097,D023,4
T0097,D011,4
T0097,D019,3
T0097,D008,3
T0097,D002,3
T0097,D006,4
T0097,D001,5
T0097,D007,2
T0097,D022,4
T0097,D004,4
T0097,D016,4
T0098,D004,4
T0098,D020,5
T0098,D021,4
T0098,D014,4
T0098,D026,3
T0098,D003,4
T0098,D007,3
T0098,D015,4
T0098,D006,5
T0098,D009,4
T0098,D005,3
T0098,D024,4
T0098,D011,4
T0098,D019,4
T0099,D024,5
T0099,D002,5
T0099,D001,3
T0099,D009,4
T0099,D018,4
T0099,D004,4
T0099,D022,5
T0099,D008,3
T0099,D006,4
T0099,D011,3
T0099,D019,3
T0100,D013,4
T0100,D024,3
T0100,D019,4
T0100,D021,4
T0100,D009,3
T0100,D014,3
T0100,D015,4
T0100,D023,4
T0100,D002,4
T0100,D017,4
T0100,D011,3
T0100,D006,4
T0101,D024,4
T0101,D017,4
T0101,D005,3
T0101,D016,3
T0101,D010,5
T0101,D009,5
T0101,D019,3
T0101,D004,4
T0101,D026,5
T0101,D023,4
T0101,D020,3
T0101,D018,4
T0101,D002,3
T0101,D006,3
T0101,D021,2
T0102,D005,4
T0102,D004,5
T0102,D012,3
T0102,D018,4
T0102,D024,5
T0102,D017,4
T0102,D011,3
T0102,D022,4
T0103,D011,5
T0103,D025,3
T0103,D009,4
T0103,D010,3
T0103,D023,4
T0103,D022,3
T0103,D001,4
T0103,D007,3
T0103,D019,3
T0104,D007,3
T0104,D026,4
T0104,D024,3
T0104,D010,3
T0104,D001,3
T0104,D020,3
T0104,D015,4
T0104,D021,3
T0104,D023,4
T0104,D003,3
T0104,D002,3
T0104,D022,3
T0105,D004,3
T0105,D007,4
T0105,D016,3
T0105,D002,3
T0105,D011,4
T0105,D023,4
T0105,D012,5
T0105,D022,2
T0105,D008,3
T0105,D001,4
T0106,D023,3
T0106,D011,3
T0106,D001,4
T0106,D007,3
T0106,D019,3
T0106,D018,4
T0106,D024,4
T0106,D006,4
T0106,D002,4
T0106,D003,3
T0107,D022,2
T0107,D008,3
T0107,D014,4
T0107,D024,4
T0107,D021,4
T0107,D019,4
T0107,D001,4
T0107,D015,4
T0107,D009,3
T0107,D012,2
T0107,D003,3
T0107,D023,4
T0107,D011,3
T0108,D019,3
T0108,D018,4
T0108,D024,5
T0108,D009,4
T0108,D022,4
T0108,D006,3
T0108,D002,4
T0108,D023,2
T0108,D026,3
T0108,D012,3
T0108,D010,5
T0108,D013,4
T0108,D021,3
T0108,D007,2
T0109,D015,4
T0109,D008,3
T0109,D019,4
T0109,D006,4
T0109,D003,4
T0109,D011,4
T0109,D013,4
T0109,D010,3
T0109,D016,4
T0109,D018,3
T0109,D002,3
T0109,D009,3
T0109,D007,4
T0109,D021,4
T0109,D020,4
T0110,D008,3
T0110,D014,3
T0110,D010,4
T0110,D021,3
T0110,D004,4
T0110,D013,3
T0110,D006,3
T0110,D011,4
T0110,D015,4
T0110,D012,3
T0110,D002,3
T0111,D007,4
T0111,D019,4
T0111,D022,3
T0111,D008,4
T0111,D020,4
T0111,D003,4
T0111,D001,4
T0111,D023,3
T0111,D006,3
T0111,D014,4
T0111,D015,4
T0112,D015,2
T0112,D005,3
T0112,D004,3
T0112,D026,4
T0112,D017,4
T0112,D011,4
T0112,D007,3
T0113,D020,4
T0113,D015,4
T0113,D019,4
T0113,D021,5
T0113,D009,3
T0113,D001,5
T0113,D017,3
T0113,D006,3
T0113,D008,5
T0113,D013,4
T0113,D007,4
T0113,D023,4
T0114,D016,3
T0114,D003,3
T0114,D022,4
T0114,D021,3
T0114,D001,4
T0114,D011,4
T0114,D004,4
T0114,D008,3
T0114,D006,4
T0114,D005,3
T0114,D025,4
T0114,D023,4
T0115,D021,3
T0115,D004,3
T0115,D011,3
T0115,D022,3
T0115,D008,4
T0115,D005,3
T0115,D017,4
T0115,D006,4
T0115,D024,4
T0115,D012,3
T0116,D020,3
T0116,D015,3
T0116,D017,4
T0116,D024,4
T0116,D021,3
T0116,D013,3
T0116,D003,3
T0116,D009,3
T0116,D014,2
T0116,D001,3
T0116,D018,3
T0116,D006,3
T0116,D010,4
T0117,D023,4
T0117,D026,4
T0117,D003,3
T0117,D001,4
T0117,D009,4
T0117,D022,4
T0117,D014,4
T0117,D016,3
T0117,D020,5
T0117,D013,4
T0117,D006,4
T0117,D019,3
T0117,D002,4
T0117,D012,4
T0117,D007,3
T0117,D017,5
T0118,D006,5
T0118,D005,5
T0118,D018,5
T0118,D024,5
T0118,D026,4
T0118,D023,3
T0118,D011,3
T0118,D007,3
T0118,D013,4
T0118,D003,3
T0118,D021,3
T0118,D010,4
T0118,D002,5
T0118,D001,4
T0118,D017,5
T0118,D004,5
T0118,D009,4
T0119,D020,2
T0119,D008,3
T0119,D014,3
T0119,D017,3
T0119,D022,4
T0119,D007,3
T0119,D013,4
T0119,D025,2
T0119,D024,3
T0119,D010,5
T0119,D023,4
T0120,D009,4
T0120,D008,3
T0120,D020,3
T0120,D015,4
T0120,D001,4
T0120,D011,4
T0120,D002,4
T0120,D019,3
T0120,D016,3
T0120,D024,4
T0120,D007,3
T0120,D022,3
T0120,D014,3
T0121,D022,4
T0121,D003,4
T0121,D011,4
T0121,D013,4
T0121,D004,4
T0121,D012,3
T0121,D015,3
T0121,D014,3
T0121,D017,3
T0121,D002,3
T0121,D023,3
T0121,D007,4
T0121,D019,4
T0121,D024,4
T0121,D021,4
T0122,D003,4
T0122,D013,4
T0122,D023,4
T0122,D010,2
T0122,D021,4
T0122,D014,4
T0122,D007,2
T0122,D024,3
T0122,D020,2
T0122,D001,4
T0123,D015,5
T0123,D026,4
T0123,D023,3
T0123,D013,3
T0123,D005,3
T0123,D021,4
T0123,D007,4
T0123,D004,2
T0123,D003,4
T0123,D025,2
T0123,D008,4
T0123,D011,3
T0123,D002,3
T0124,D007,3
T0124,D021,3
T0124,D006,3
T0124,D018,3
T0124,D001,3
T0124,D004,3
T0124,D020,3
T0124,D011,4
T0124,D022,3
T0124,D019,4
T0125,D013,3
T0125,D018,4
T0125,D017,3
T0125,D007,4
T0125,D008,3
T0125,D021,3
T0125,D019,4
T0125,D020,4
T0125,D011,4
T0125,D001,4
T0125,D025,3
T0125,D016,3
T0126,D001,4
T0126,D006,3
T0126,D017,3
T0126,D018,3
T0126,D008,4
T0126,D024,2
T0126,D009,2
T0126,D015,4
T0126,D014,4
T0126,D019,4
T0126,D020,3
T0126,D013,4
T0126,D016,3
T0126,D026,4
T0126,D003,4
T0126,D011,3
T0126,D007,4
T0126,D012,3
T0127,D010,3
T0127,D016,2
T0127,D022,3
T0127,D006,4
T0127,D026,4
T0127,D001,4
T0127,D002,3
T0127,D013,3
T0127,D024,3
T0127,D005,2
T0127,D009,3
T0127,D021,3
T0127,D014,3
T0127,D023,4
T0128,D004,3
T0128,D025,2
T0128,D010,4
T0128,D013,3
T0128,D017,3
T0128,D006,4
T0128,D002,3
T0128,D023,3
T0128,D018,3
T0129,D018,4
T0129,D021,4
T0129,D026,4
T0129,D010,4
T0129,D017,4
T0129,D023,4
T0129,D022,4
T0129,D001,5
T0129,D009,4
T0130,D007,4
T0130,D008,3
T0130,D020,4
T0130,D014,3
T0130,D003,3
T0130,D025,2
T0130,D022,5
T0130,D016,3
T0130,D019,3
T0130,D001,4
T0130,D023,4
T0130,D013,3
T0130,D002,4
T0130,D018,4
T0131,D008,4
T0131,D006,3
T0131,D021,4
T0131,D013,4
T0131,D016,3
T0131,D003,4
T0131,D026,3
T0131,D024,4
T0131,D023,3
T0131,D007,3
T0131,D004,3
T0131,D012,3
T0131,D005,3
T0132,D006,4
T0132,D013,4
T0132,D012,3
T0132,D008,4
T0132,D020,3
T0132,D019,4
T0132,D026,4
T0132,D018,3
T0132,D022,4
T0133,D026,4
T0133,D004,3
T0133,D002,4
T0133,D009,5
T0133,D003,4
T0133,D015,5
T0133,D022,4
T0133,D020,4
T0133,D024,4
T0134,D010,4
T0134,D019,3
T0134,D006,4
T0134,D001,3
T0134,D002,4
T0134,D024,5
T0134,D013,3
T0134,D025,2
T0134,D009,4
T0134,D016,4
T0135,D013,4
T0135,D017,4
T0135,D010,4
T0135,D018,4
T0135,D002,4
T0135,D015,4
T0135,D026,4
T0135,D004,5
T0135,D005,4
T0135,D022,5
T0135,D021,3
T0135,D023,3
T0135,D009,4
T0135,D024,5
T0135,D016,3
T0136,D021,4
T0136,D010,3
T0136,D025,3
T0136,D005,3
T0136,D009,3
T0136,D012,3
T0136,D022,3
T0136,D013,4
T0136,D018,3
T0136,D019,5
T0136,D001,4
T0136,D003,4
T0137,D022,5
T0137,D019,3
T0137,D021,3
T0137,D006,4
T0137,D004,4
T0137,D008,3
T0137,D015,5
T0137,D003,4
T0137,D013,5
T0137,D023,3
T0137,D007,3
T0137,D024,4
T0137,D005,3
T0137,D018,4
T0137,D009,4
T0137,D001,4
T0137,D010,4
T0138,D004,4
T0138,D026,4
T0138,D013,3
T0138,D023,5
T0138,D024,3
T0138,D018,4
T0138,D006,4
T0138,D009,3
T0138,D022,3
T0138,D021,3
T0138,D003,4
T0138,D011,5
T0139,D024,3
T0139,D022,4
T0139,D026,5
T0139,D012,3
T0139,D018,3
T0139,D001,3
T0139,D006,4
T0139,D013,2
T0139,D004,4
T0139,D010,4
T0139,D020,3
T0139,D003,3
T0139,D014,3
T0139,D015,3
T0139,D002,3
T0139,D016,3
T0140,D018,5
T0140,D020,3
T0140,D015,5
T0140,D016,3
T0140,D009,4
T0140,D026,4
T0140,D004,4
T0140,D010,4
T0140,D024,4
T0140,D001,4
T0140,D002,4
T0140,D005,4
T0140,D021,3
T0140,D013,5
T0140,D006,5
T0140,D008,4
T0141,D012,4
T0141,D018,5
T0141,D006,4
T0141,D004,4
T0141,D023,4
T0141,D019,4
T0141,D001,4
T0141,D022,5
T0141,D011,4
T0141,D021,4
T0141,D016,4
T0141,D026,3
T0141,D005,3
T0141,D013,4
T0141,D007,4
T0141,D015,4
T0141,D002,3
T0141,D024,3
T0142,D002,3
T0142,D019,3
T0142,D021,3
T0142,D026,3
T0142,D004,4
T0142,D024,4
T0142,D023,3
T0142,D005,4
T0142,D014,2
T0142,D006,4
T0142,D015,3
T0142,D011,3
T0142,D018,4
T0142,D010,4
T0142,D009,4
T0142,D020,3
T0142,D012,3
T0142,D003,2
T0142,D022,3
T0142,D001,4
T0143,D005,3
T0143,D024,5
T0143,D020,3
T0143,D011,3
T0143,D008,3
T0143,D002,4
T0143,D010,4
T0143,D021,4
T0143,D006,4
T0143,D015,3
T0143,D004,4
T0144,D006,4
T0144,D005,4
T0144,D020,4
T0144,D002,3
T0144,D008,3
T0144,D018,4
T0144,D024,4
T0144,D015,3
T0144,D017,4
T0144,D019,4
T0144,D016,3
T0144,D003,3
T0144,D022,4
T0144,D023,4
T0144,D025,2
T0145,D013,3
T0145,D006,3
T0145,D009,4
T0145,D008,2
T0145,D020,3
T0145,D018,3
T0145,D023,4
T0145,D010,3
T0145,D012,3
T0145,D003,2
T0145,D016,3
T0145,D004,4
T0146,D004,5
T0146,D009,4
T0146,D015,4
T0146,D001,3
T0146,D005,5
T0146,D010,5
T0146,D002,5
T0146,D022,5
T0146,D018,5
T0146,D007,3
T0146,D025,2
T0147,D025,3
T0147,D001,4
T0147,D020,4
T0147,D023,3
T0147,D019,4
T0147,D013,4
T0147,D010,3
T0147,D016,3
T0147,D018,3
T0147,D026,4
T0147,D008,3
T0148,D006,4
T0148,D015,4
T0148,D013,4
T0148,D021,3
T0148,D008,3
T0148,D005,4
T0148,D002,4
T0148,D004,5
T0148,D026,4
T0148,D009,4
T0148,D010,4
T0149,D013,3
T0149,D005,3
T0149,D016,3
T0149,D024,4
T0149,D008,3
T0149,D025,3
T0149,D004,3
T0149,D010,3
T0149,D006,4
T0149,D012,4
T0149,D026,3
T0149,D003,3
T0149,D011,4
T0149,D021,4
T0150,D017,4
T0150,D006,4
T0150,D023,3
T0150,D001,3
T0150,D015,3
T0150,D026,4
T0150,D008,2
T0150,D004,3
T0150,D025,2
T0150,D010,4
T0150,D022,3
T0151,D019,4
T0151,D014,3
T0151,D025,2
T0151,D015,4
T0151,D001,4
T0151,D013,4
T0151,D018,4
T0151,D006,4
T0151,D002,3
T0151,D012,4
T0151,D004,3
T0151,D017,3
T0151,D010,4
T0152,D021,4
T0152,D003,4
T0152,D006,3
T0152,D009,3
T0152,D016,3
T0152,D018,3
T0152,D013,4
T0152,D014,4
T0152,D002,3
T0152,D023,3
T0152,D012,3
T0152,D007,4
T0152,D017,3
T0152,D004,4
T0152,D020,3
T0152,D024,3
T0152,D019,4
T0152,D001,3
T0152,D015,3
T0153,D003,3
T0153,D006,4
T0153,D023,3
T0153,D012,2
T0153,D004,3
T0153,D001,4
T0153,D021,4
T0153,D019,3
T0154,D002,4
T0154,D010,4
T0154,D026,3
T0154,D007,4
T0154,D022,4
T0154,D017,4
T0154,D008,4
T0154,D021,4
T0154,D013,4
T0154,D001,4
T0154,D005,4
T0154,D006,4
T0154,D004,3
T0154,D019,3
T0154,D018,5
T0154,D024,4
T0154,D011,3
T0154,D015,4
T0154,D014,3
T0155,D005,4
T0155,D008,3
T0155,D017,4
T0155,D011,4
T0155,D006,4
T0155,D001,5
T0155,D023,4
T0155,D004,4
T0155,D020,4
T0155,D009,4
T0155,D021,3
T0155,D018,4
T0155,D024,4
T0156,D001,5
T0156,D019,4
T0156,D008,3
T0156,D012,4
T0156,D015,3
T0156,D003,4
T0156,D013,4
T0156,D006,3
T0156,D007,2
T0156,D010,3
T0157,D017,3
T0157,D015,3
T0157,D016,3
T0157,D019,4
T0157,D008,4
T0157,D021,3
T0157,D018,4
T0157,D023,3
T0157,D003,3
T0158,D015,3
T0158,D013,5
T0158,D001,4
T0158,D007,4
T0158,D005,4
T0158,D008,4
T0158,D016,3
T0158,D021,4
T0159,D002,4
T0159,D026,3
T0159,D011,4
T0159,D025,4
T0159,D015,4
T0159,D013,4
T0159,D018,4
T0159,D023,3
T0159,D016,4
T0159,D003,2
T0159,D014,3
T0159,D022,4
T0160,D022,4
T0160,D013,4
T0160,D006,3
T0160,D010,3
T0160,D020,3
T0160,D016,3
T0160,D008,3
T0160,D015,3
T0160,D026,4
T0160,D012,3
T0160,D004,4
T0161,D002,3
T0161,D001,4
T0161,D013,3
T0161,D012,3
T0161,D004,2
T0161,D015,3
T0161,D022,4
T0161,D025,3
T0161,D010,3
T0161,D003,3
T0161,D008,3
T0161,D018,3
T0161,D014,2
T0161,D024,3
T0161,D016,3
T0162,D019,3
T0162,D024,4
T0162,D026,5
T0162,D004,5
T0162,D017,4
T0162,D010,4
T0162,D021,3
T0162,D015,3
T0162,D008,3
T0163,D006,4
T0163,D023,4
T0163,D009,3
T0163,D004,4
T0163,D015,4
T0163,D011,4
T0163,D019,3
T0163,D003,3
T0163,D026,3
T0163,D018,4
T0163,D013,3
T0163,D012,4
T0163,D017,3
T0164,D010,3
T0164,D017,3
T0164,D001,3
T0164,D007,4
T0164,D019,4
T0164,D023,4
T0164,D013,4
T0164,D015,3
T0164,D020,3
T0164,D011,4
T0164,D021,3
T0165,D015,5
T0165,D013,3
T0165,D009,5
T0165,D004,4
T0165,D007,3
T0165,D021,3
T0165,D002,5
T0165,D006,4
T0165,D017,4
T0166,D011,4
T0166,D018,4
T0166,D017,4
T0166,D026,5
T0166,D002,2
T0166,D001,3
T0166,D015,4
T0166,D010,4
T0166,D025,2
T0166,D016,3
T0167,D002,4
T0167,D001,3
T0167,D024,5
T0167,D008,3
T0167,D010,4
T0167,D021,3
T0167,D025,2
T0167,D014,3
T0167,D026,4
T0167,D022,4
T0167,D006,3
T0167,D018,4
T0168,D009,3
T0168,D017,3
T0168,D019,4
T0168,D022,4
T0168,D013,3
T0168,D021,4
T0168,D008,3
T0168,D020,3
T0169,D011,3
T0169,D019,4
T0169,D001,3
T0169,D014,4
T0169,D024,3
T0169,D010,3
T0169,D013,3
T0169,D021,4
T0169,D025,3
T0169,D007,4
T0169,D003,4
T0169,D002,3
T0170,D008,3
T0170,D007,5
T0170,D013,4
T0170,D012,4
T0170,D023,4
T0170,D015,4
T0170,D016,4
T0170,D022,2
T0171,D010,4
T0171,D013,4
T0171,D021,3
T0171,D022,4
T0171,D024,5
T0171,D001,4
T0171,D002,4
T0171,D016,4
T0171,D023,4
T0171,D020,3
T0171,D015,4
T0171,D006,4
T0171,D009,4
T0171,D017,4
T0171,D019,3
T0172,D002,3
T0172,D023,3
T0172,D020,3
T0172,D011,4
T0172,D007,4
T0172,D015,4
T0172,D021,3
T0172,D014,3
T0172,D022,3
T0172,D013,4
T0172,D003,4
T0172,D026,4
T0173,D005,4
T0173,D017,5
T0173,D006,4
T0173,D019,3
T0173,D012,3
T0173,D021,3
T0173,D007,3
T0173,D008,4
T0173,D026,4
T0173,D001,3
T0173,D004,5
T0173,D022,4
T0173,D009,4
T0173,D002,5
T0173,D025,2
T0173,D015,4
T0173,D023,3
T0173,D016,3
T0174,D005,5
T0174,D015,5
T0174,D024,5
T0174,D018,4
T0174,D023,2
T0174,D019,3
T0174,D025,2
T0174,D006,4
T0174,D001,3
T0174,D010,4
T0174,D004,5
T0174,D026,4
T0174,D017,4
T0175,D009,3
T0175,D021,4
T0175,D022,3
T0175,D017,4
T0175,D023,4
T0175,D018,3
T0175,D007,4
T0175,D013,4
T0175,D014,3
T0175,D006,4
T0176,D013,4
T0176,D015,3
T0176,D001,5
T0176,D004,4
T0176,D012,4
T0176,D005,4
T0176,D019,4
T0176,D021,4
T0176,D023,4
T0176,D011,3
T0176,D018,3
T0176,D006,4
T0176,D008,3
T0177,D007,4
T0177,D002,3
T0177,D017,3
T0177,D022,3
T0177,D023,5
T0177,D025,3
T0177,D012,3
T0178,D006,4
T0178,D015,4
T0178,D023,3
T0178,D002,4
T0178,D009,3
T0178,D004,3
T0178,D021,4
T0178,D001,3
T0178,D020,3
T0178,D017,4
T0178,D024,4
T0178,D005,4
T0178,D010,4
T0178,D025,2
T0178,D012,4
T0178,D013,3
T0179,D023,3
T0179,D012,3
T0179,D006,4
T0179,D021,3
T0179,D004,4
T0179,D009,3
T0179,D013,3
T0179,D015,2
T0179,D002,2
T0179,D017,2
T0179,D005,2
T0179,D026,4
T0179,D025,2
T0180,D025,3
T0180,D022,3
T0180,D015,4
T0180,D012,4
T0180,D020,4
T0180,D018,3
T0180,D009,3
T0180,D019,4
T0180,D023,4
T0180,D005,4
T0181,D015,4
T0181,D011,3
T0181,D019,4
T0181,D002,5
T0181,D024,5
T0181,D026,4
T0181,D022,4
T0181,D003,3
T0181,D005,5
T0181,D009,4
T0181,D004,4
T0182,D022,3
T0182,D018,4
T0182,D005,3
T0182,D023,4
T0182,D008,3
T0182,D015,4
T0182,D012,4
T0182,D024,3
T0182,D019,5
T0182,D004,4
T0182,D006,4
T0182,D010,3
T0182,D002,3
T0182,D021,4
T0182,D007,4
T0182,D025,3
T0182,D003,4
T0182,D001,4
T0182,D011,4
T0183,D022,5
T0183,D012,4
T0183,D023,3
T0183,D010,4
T0183,D005,4
T0183,D001,4
T0183,D026,5
T0183,D020,4
T0184,D003,3
T0184,D026,4
T0184,D016,3
T0184,D007,3
T0184,D005,3
T0184,D017,3
T0184,D022,3
T0184,D015,3
T0184,D010,4
T0184,D021,3
T0184,D019,3
T0184,D013,3
T0185,D014,3
T0185,D010,4
T0185,D012,3
T0185,D005,5
T0185,D004,4
T0185,D019,3
T0185,D009,4
T0185,D003,2
T0185,D002,4
T0185,D024,5
T0185,D018,4
T0185,D025,1
T0186,D006,5
T0186,D017,4
T0186,D023,3
T0186,D026,4
T0186,D001,4
T0186,D010,4
T0186,D002,5
T0186,D018,4
T0186,D015,4
T0186,D012,3
T0186,D013,4
T0187,D006,3
T0187,D014,3
T0187,D023,3
T0187,D017,3
T0187,D002,4
T0187,D001,3
T0187,D015,2
T0187,D004,3
T0187,D018,4
T0187,D011,3
T0188,D001,4
T0188,D022,4
T0188,D009,4
T0188,D002,5
T0188,D005,4
T0188,D004,4
T0188,D013,4
T0188,D019,4
T0188,D016,3
T0188,D014,3
T0188,D006,4
T0188,D026,3
T0188,D007,3
T0188,D025,2
T0188,D024,4
T0189,D024,3
T0189,D018,3
T0189,D015,4
T0189,D012,4
T0189,D010,3
T0189,D025,3
T0189,D019,4
T0189,D020,4
T0189,D007,4
T0189,D005,3
T0189,D023,4
T0189,D013,4
T0190,D019,3
T0190,D006,4
T0190,D025,2
T0190,D026,4
T0190,D010,5
T0191,D007,4
T0191,D002,3
T0191,D001,4
T0191,D018,3
T0191,D022,4
T0191,D016,3
T0191,D004,3
T0191,D003,4
T0191,D021,5
T0191,D024,3
T0191,D014,4
T0191,D013,4
T0191,D019,4
T0191,D009,3
T0192,D016,3
T0192,D001,4
T0192,D023,3
T0192,D021,5
T0192,D011,4
T0192,D008,3
T0192,D009,3
T0192,D020,3
T0192,D024,3
T0192,D007,4
T0192,D003,4
T0192,D005,3
T0192,D010,3
T0193,D002,4
T0193,D007,3
T0193,D019,4
T0193,D004,4
T0193,D020,4
T0193,D006,5
T0193,D005,5
T0193,D023,3
T0193,D001,3
T0193,D015,4
T0193,D018,4
T0193,D008,3
T0193,D012,3
T0193,D022,5
T0193,D017,4
T0194,D013,3
T0194,D024,3
T0194,D002,3
T0194,D010,4
T0194,D012,2
T0194,D021,2
T0194,D026,5
T0194,D018,3
T0194,D022,4
T0194,D004,4
T0194,D008,3
T0195,D007,4
T0195,D018,4
T0195,D022,4
T0195,D019,5
T0195,D002,4
T0195,D026,4
T0195,D021,4
T0195,D014,4
T0195,D006,4
T0195,D005,4
T0195,D020,4
T0195,D003,4
T0196,D018,5
T0196,D022,4
T0196,D009,3
T0196,D015,5
T0196,D010,4
T0196,D002,4
T0196,D004,4
T0196,D024,4
T0196,D005,4
T0196,D026,4
T0196,D016,3
T0196,D014,2
T0196,D011,3
T0197,D013,4
T0197,D006,4
T0197,D007,5
T0197,D023,3
T0197,D010,3
T0197,D021,3
T0197,D019,3
T0197,D026,3
T0197,D003,4
T0197,D020,4
T0197,D024,4
T0197,D018,4
T0197,D015,4
T0198,D006,3
T0198,D025,2
T0198,D002,3
T0198,D007,5
T0198,D020,4
T0198,D014,4
T0198,D013,4
T0198,D004,4
T0199,D006,4
T0199,D021,4
T0199,D011,4
T0199,D018,3
T0199,D009,4
T0199,D004,4
T0199,D026,4
T0199,D001,4
T0199,D019,4
T0199,D023,4
T0199,D002,4
T0199,D024,4
T0199,D013,3
T0199,D017,4
T0200,D026,4
T0200,D011,3
T0200,D013,3
T0200,D023,3
T0200,D006,4
T0200,D024,4
T0200,D005,3
T0200,D012,3
T0200,D025,3
T0200,D007,3
T0200,D009,4
T0200,D015,4
T0200,D017,3
T0200,D002,3
T0201,D007,3
T0201,D011,3
T0201,D005,5
T0201,D018,5
T0201,D017,4
T0201,D002,5
T0201,D024,5
T0201,D015,5
T0201,D010,5
T0201,D026,4
T0201,D022,5
T0201,D009,5
T0201,D006,4
T0201,D004,4
T0201,D013,2
T0201,D008,2
T0201,D012,2
T0202,D010,4
T0202,D016,3
T0202,D018,4
T0202,D023,4
T0202,D012,4
T0202,D006,4
T0202,D015,4
T0202,D024,3
T0202,D022,4
T0202,D003,4
T0202,D025,3
T0202,D002,3
T0202,D011,4
T0202,D021,4
T0202,D014,4
T0202,D001,4
T0203,D019,2
T0203,D013,3
T0203,D017,4
T0203,D024,5
T0203,D026,3
T0203,D018,5
T0203,D006,4
T0203,D004,5
T0203,D002,5
T0203,D015,4
T0203,D016,3
T0203,D010,5
T0203,D011,3
T0203,D022,5
T0203,D008,3
T0203,D009,4
T0203,D023,3
T0203,D021,3
T0204,D014,4
T0204,D007,3
T0204,D025,3
T0204,D017,4
T0204,D008,4
T0204,D020,3
T0204,D009,4
T0204,D015,4
T0204,D016,4
T0204,D024,3
T0204,D001,4
T0204,D004,4
T0204,D011,3
T0204,D026,4
T0204,D018,3
T0204,D022,3
T0205,D011,4
T0205,D025,3
T0205,D016,3
T0205,D014,3
T0205,D026,4
T0205,D013,4
T0205,D015,4
T0205,D006,4
T0205,D019,4
T0205,D012,4
T0205,D020,3
T0206,D005,3
T0206,D013,4
T0206,D012,2
T0206,D011,2
T0206,D016,2
T0206,D020,2
T0206,D002,3
T0206,D015,3
T0206,D025,3
T0206,D004,3
T0206,D019,4
T0207,D023,4
T0207,D011,4
T0207,D017,3
T0207,D007,4
T0207,D003,4
T0207,D015,4
T0207,D018,3
T0207,D008,4
T0207,D006,3
T0207,D016,3
T0208,D020,3
T0208,D018,4
T0208,D010,4
T0208,D022,3
T0208,D015,2
T0208,D011,3
T0208,D007,3
T0208,D002,3
T0208,D024,3
T0208,D023,4
T0208,D001,3
T0208,D017,3
T0208,D006,4
T0208,D026,4
T0208,D016,3
T0209,D026,4
T0209,D004,3
T0209,D022,4
T0209,D001,4
T0209,D024,4
T0209,D007,4
T0209,D018,4
T0209,D011,4
T0209,D009,4
T0209,D006,5
T0209,D010,4
T0209,D012,4
T0209,D005,3
T0209,D002,4
T0209,D015,4
T0210,D013,4
T0210,D024,3
T0210,D020,4
T0210,D014,3
T0210,D006,3
T0210,D023,3
T0210,D019,3
T0210,D012,3
T0210,D005,3
T0210,D002,3
T0210,D016,3
T0210,D010,3
T0211,D016,3
T0211,D022,3
T0211,D010,4
T0211,D007,3
T0211,D026,4
T0211,D023,4
T0211,D017,3
T0211,D008,3
T0211,D002,3
T0211,D006,3
T0211,D021,3
T0211,D024,3
T0211,D001,3
T0211,D004,3
T0211,D025,2
T0211,D013,3
T0211,D003,2
T0211,D018,3
T0212,D022,5
T0212,D017,4
T0212,D015,4
T0212,D025,2
T0212,D011,3
T0212,D024,5
T0212,D023,3
T0212,D018,3
T0213,D017,3
T0213,D011,3
T0213,D024,4
T0213,D009,5
T0213,D003,3
T0213,D006,4
T0213,D007,3
T0213,D002,5
T0213,D014,3
T0213,D022,5
T0214,D004,4
T0214,D006,4
T0214,D001,5
T0214,D015,3
T0214,D019,4
T0214,D021,4
T0214,D018,4
T0214,D012,4
T0214,D008,3
T0214,D010,3
T0214,D014,3
T0214,D023,4
T0214,D020,4
T0214,D013,4
T0214,D009,3
T0215,D009,3
T0215,D003,3
T0215,D015,3
T0215,D022,3
T0215,D013,4
T0215,D024,3
T0215,D021,4
T0215,D007,3
T0215,D019,4
T0216,D023,5
T0216,D015,2
T0216,D012,3
T0216,D005,2
T0216,D006,4
T0216,D016,3
T0216,D025,3
T0216,D014,2
T0216,D026,5
T0216,D001,4
T0216,D004,3
T0216,D011,4
T0216,D010,4
T0216,D022,3
T0217,D007,3
T0217,D004,3
T0217,D008,3
T0217,D018,2
T0217,D005,2
T0217,D025,2
T0217,D022,3
T0217,D020,2
T0217,D006,2
T0217,D010,3
T0217,D023,4
T0218,D018,4
T0218,D020,4
T0218,D014,4
T0218,D021,4
T0218,D024,3
T0218,D001,4
T0218,D007,4
T0218,D019,3
T0219,D022,4
T0219,D009,4
T0219,D004,4
T0219,D019,3
T0219,D023,3
T0219,D001,3
T0219,D013,4
T0219,D026,3
T0219,D014,2
T0219,D015,4
T0219,D010,3
T0219,D003,3
T0220,D001,4
T0220,D024,4
T0220,D015,3
T0220,D019,2
T0220,D006,4
T0220,D012,3
T0220,D021,2
T0220,D003,3
T0220,D018,4
T0220,D014,2
T0220,D007,3
T0220,D005,4
T0220,D023,3
T0220,D009,4
T0221,D020,4
T0221,D015,3
T0221,D006,4
T0221,D018,4
T0221,D010,2
T0221,D025,4
T0221,D022,4
T0221,D001,5
T0221,D002,3
T0221,D026,4
T0221,D003,3
T0221,D013,4
T0221,D012,3
T0222,D015,5
T0222,D014,4
T0222,D002,3
T0222,D010,4
T0222,D004,5
T0222,D009,3
T0222,D013,4
T0222,D019,3
T0222,D016,4
T0222,D018,4
T0222,D017,3
T0223,D024,3
T0223,D023,4
T0223,D019,4
T0223,D002,2
T0223,D025,3
T0223,D009,3
T0223,D003,3
T0223,D013,3
T0223,D011,3
T0223,D005,2
T0223,D021,3
T0224,D019,4
T0224,D011,3
T0224,D018,3
T0224,D015,4
T0224,D021,4
T0224,D023,3
T0224,D014,3
T0224,D002,4
T0225,D018,3
T0225,D012,4
T0225,D010,3
T0225,D009,3
T0225,D016,3
T0225,D008,3
T0225,D007,3
T0225,D001,4
T0225,D013,3
T0225,D021,4
T0225,D005,4
T0225,D006,3
T0226,D024,4
T0226,D012,4
T0226,D011,4
T0226,D026,4
T0226,D016,4
T0226,D004,4
T0226,D003,3
T0226,D022,3
T0226,D009,4
T0227,D002,4
T0227,D024,5
T0227,D022,5
T0227,D010,4
T0227,D009,4
T0227,D004,4
T0227,D006,3
T0227,D014,2
T0227,D021,3
T0227,D011,3
T0228,D019,4
T0228,D026,3
T0228,D010,2
T0228,D014,4
T0228,D015,5
T0228,D012,3
T0228,D001,4
T0228,D023,3
T0228,D024,3
T0228,D007,4
T0228,D013,4
T0228,D021,5
T0228,D005,3
T0228,D016,2
T0228,D003,4
T0229,D010,4
T0229,D019,4
T0229,D025,4
T0229,D011,5
T0229,D007,4
T0229,D018,3
T0229,D024,4
T0229,D006,4
T0229,D001,5
T0229,D005,3
T0229,D026,4
T0229,D009,4
T0230,D001,3
T0230,D008,2
T0230,D019,3
T0230,D009,4
T0230,D010,4
T0230,D011,4
T0230,D004,3
T0230,D005,2
T0230,D025,2
T0230,D017,3
T0230,D018,3
T0230,D023,3
T0230,D024,3
T0230,D026,4
T0231,D006,3
T0231,D004,3
T0231,D024,2
T0231,D011,3
T0231,D019,3
T0231,D012,2
T0231,D020,3
T0231,D015,3
T0231,D025,2
T0231,D023,3
T0231,D002,2
T0231,D018,3
T0232,D008,4
T0232,D014,4
T0232,D001,4
T0232,D019,4
T0232,D013,4
T0232,D017,3
T0232,D020,4
T0232,D006,4
T0232,D016,2
T0232,D012,4
T0232,D003,5
T0232,D004,3
T0232,D015,4
T0233,D008,3
T0233,D023,4
T0233,D002,3
T0233,D022,3
T0233,D004,3
T0233,D021,5
T0233,D018,3
T0233,D019,4
T0233,D015,4
T0233,D011,4
T0233,D014,4
T0233,D001,4
T0233,D005,3
T0233,D007,3
T0233,D024,3
T0233,D003,4
T0233,D026,4
T0234,D003,4
T0234,D019,3
T0234,D022,4
T0234,D005,3
T0234,D012,4
T0234,D011,4
T0234,D006,4
T0234,D001,5
T0234,D016,3
T0234,D021,3
T0234,D013,3
T0234,D023,4
T0234,D018,4
T0234,D010,3
T0234,D014,3
T0234,D007,4
T0235,D008,4
T0235,D019,3
T0235,D011,3
T0235,D023,4
T0235,D006,3
T0235,D001,4
T0235,D017,4
T0235,D020,4
T0235,D013,4
T0235,D005,3
T0235,D018,4
T0235,D010,3
T0235,D024,4
T0235,D015,4
T0235,D002,4
T0235,D026,4
T0235,D014,3
T0235,D009,4
T0236,D016,3
T0236,D011,4
T0236,D012,4
T0236,D003,3
T0236,D005,3
T0236,D023,4
T0236,D006,4
T0236,D022,4
T0236,D001,5
T0237,D007,4
T0237,D009,4
T0237,D013,4
T0237,D026,3
T0237,D004,4
T0237,D003,3
T0238,D018,5
T0238,D017,5
T0238,D008,3
T0238,D026,5
T0238,D010,4
T0238,D004,4
T0238,D002,4
T0238,D021,3
T0238,D006,4
T0238,D022,4
T0238,D005,4
T0238,D023,3
T0238,D024,5
T0239,D013,4
T0239,D021,4
T0239,D015,4
T0239,D014,4
T0239,D008,3
T0239,D003,4
T0239,D010,2
T0239,D011,4
T0239,D023,4
T0239,D001,4
T0240,D001,4
T0240,D011,3
T0240,D007,3
T0240,D026,4
T0240,D013,4
T0240,D008,4
T0240,D020,3
T0240,D010,4
T0240,D003,4
T0240,D014,2
T0240,D006,3
T0240,D015,4
T0241,D010,4
T0241,D005,5
T0241,D011,3
T0241,D022,5
T0241,D003,3
T0241,D001,3
T0241,D004,5
T0241,D015,4
T0242,D017,3
T0242,D022,3
T0242,D020,4
T0242,D015,4
T0242,D018,3
T0242,D008,4
T0242,D023,3
T0243,D003,5
T0243,D004,4
T0243,D024,4
T0243,D023,4
T0243,D002,3
T0243,D019,4
T0243,D005,4
T0243,D021,4
T0243,D020,5
T0243,D012,5
T0243,D001,5
T0244,D026,3
T0244,D016,3
T0244,D002,3
T0244,D001,3
T0244,D011,4
T0244,D023,4
T0244,D012,3
T0244,D007,4
T0244,D009,4
T0244,D014,3
T0244,D006,3
T0244,D017,3
T0244,D013,3
T0244,D020,3
T0245,D022,4
T0245,D006,4
T0245,D004,4
T0245,D024,4
T0245,D008,3
T0245,D026,4
T0245,D010,4
T0245,D009,4
T0245,D012,3
T0245,D020,3
T0245,D021,3
T0245,D018,4
T0245,D005,4
T0245,D002,4
T0246,D007,3
T0246,D003,3
T0246,D015,2
T0246,D010,3
T0246,D014,2
T0246,D026,5
T0246,D021,2
T0246,D001,3
T0246,D005,3
T0246,D024,2
T0247,D011,5
T0247,D001,5
T0247,D023,4
T0247,D006,5
T0247,D025,4
T0247,D012,4
T0247,D015,3
T0247,D021,4
T0247,D007,4
T0247,D020,5
T0247,D003,4
T0247,D009,4
T0247,D018,3
T0248,D023,3
T0248,D014,3
T0248,D022,4
T0248,D010,4
T0248,D002,4
T0248,D013,3
T0248,D024,3
T0249,D019,4
T0249,D006,4
T0249,D022,4
T0249,D002,4
T0249,D026,3
T0249,D008,3
T0249,D024,4
T0249,D016,3
T0249,D004,4
T0250,D010,5
T0250,D009,4
T0250,D012,2
T0250,D002,3
T0250,D021,2
T0250,D018,4
T0250,D016,4
T0250,D026,5
T0250,D022,3
T0250,D001,3
T0250,D005,2
T0250,D006,3
T0250,D017,4
T0250,D004,3
T0251,D021,4
T0251,D026,3
T0251,D025,3
T0251,D014,3
T0251,D015,4
T0251,D023,4
T0251,D011,4
T0251,D017,4
T0251,D003,3
T0251,D018,3
T0251,D013,4
T0252,D011,4
T0252,D010,3
T0252,D018,3
T0252,D008,3
T0252,D013,4
T0252,D023,4
T0252,D022,4
T0252,D020,4
T0252,D026,3
T0253,D021,2
T0253,D009,5
T0253,D015,3
T0253,D001,4
T0253,D024,5
T0253,D013,4
T0253,D011,3
T0253,D012,3
T0253,D002,4
T0253,D026,4
T0253,D004,5
T0253,D010,5
T0253,D006,4
T0253,D018,5
T0253,D005,4
T0253,D014,2
T0253,D017,4
T0254,D009,4
T0254,D020,3
T0254,D021,4
T0254,D017,3
T0254,D007,3
T0254,D026,4
T0254,D012,4
T0254,D001,4
T0254,D013,4
T0254,D015,3
T0254,D019,4
T0254,D016,3
T0254,D002,3
T0254,D004,3
T0254,D011,4
T0254,D023,4
T0254,D024,3
T0254,D005,3
T0254,D006,4
T0255,D012,3
T0255,D003,4
T0255,D014,4
T0255,D026,2
T0255,D007,3
T0255,D015,3
T0255,D024,3
T0255,D009,2
T0255,D021,4
T0255,D019,4
T0255,D005,3
T0255,D013,4
T0255,D011,3
T0255,D004,3
T0256,D021,4
T0256,D016,2
T0256,D013,4
T0256,D010,3
T0256,D012,4
T0256,D019,4
T0256,D001,3
T0256,D023,4
T0256,D026,3
T0256,D022,3
T0256,D011,3
T0256,D014,4
T0256,D005,3
T0257,D011,5
T0257,D009,4
T0257,D026,4
T0257,D019,4
T0257,D008,3
T0257,D016,3
T0257,D012,4
T0257,D021,3
T0257,D001,5
T0257,D006,3
T0258,D022,2
T0258,D024,2
T0258,D025,3
T0258,D007,3
T0258,D023,4
T0258,D020,3
T0258,D002,3
T0258,D001,3
T0258,D019,4
T0258,D009,3
T0258,D008,3
T0258,D026,4
T0258,D015,3
T0259,D020,4
T0259,D012,4
T0259,D017,3
T0259,D014,3
T0259,D021,4
T0259,D001,4
T0259,D003,4
T0259,D002,4
T0259,D013,4
T0259,D005,3
T0259,D019,4
T0259,D009,4
T0259,D010,3
T0259,D025,3
T0259,D026,3
T0259,D022,3
T0260,D016,3
T0260,D026,4
T0260,D014,3
T0260,D024,3
T0260,D009,4
T0260,D003,4
T0260,D017,4
T0260,D005,4
T0260,D010,3
T0260,D002,3
T0261,D001,4
T0261,D024,3
T0261,D002,3
T0261,D019,4
T0261,D026,4
T0261,D025,2
T0261,D013,4
T0261,D022,3
T0261,D008,3
T0261,D020,3
T0261,D021,4
T0261,D007,4
T0261,D016,2
T0261,D006,3
T0262,D010,3
T0262,D016,3
T0262,D005,3
T0262,D002,4
T0262,D019,3
T0262,D024,3
T0262,D007,3
T0262,D021,4
T0262,D017,3
T0263,D022,4
T0263,D008,4
T0263,D011,3
T0263,D009,3
T0263,D015,4
T0263,D005,3
T0263,D003,4
T0263,D007,4
T0263,D002,3
T0263,D001,4
T0263,D006,3
T0263,D019,4
T0263,D021,4
T0263,D018,3
T0264,D008,3
T0264,D023,4
T0264,D024,3
T0264,D022,3
T0264,D019,5
T0264,D016,3
T0264,D010,3
T0264,D013,3
T0264,D011,5
T0264,D025,3
T0264,D009,3
T0265,D021,4
T0265,D002,4
T0265,D024,3
T0265,D001,5
T0265,D023,5
T0265,D007,3
T0265,D010,4
T0265,D017,4
T0265,D019,3
T0265,D006,5
T0265,D012,3
T0265,D003,4
T0266,D017,4
T0266,D015,3
T0266,D007,3
T0266,D006,5
T0266,D022,4
T0266,D012,3
T0266,D005,4
T0266,D024,4
T0266,D009,4
T0266,D013,4
T0266,D026,4
T0266,D020,4
T0267,D018,4
T0267,D026,4
T0267,D011,4
T0267,D022,3
T0267,D012,4
T0267,D002,3
T0267,D021,4
T0267,D003,3
T0267,D023,4
T0267,D016,4
T0267,D007,3
T0268,D005,4
T0268,D001,4
T0268,D026,3
T0268,D020,3
T0268,D009,4
T0268,D024,3
T0268,D004,4
T0268,D012,3
T0268,D008,3
T0269,D001,3
T0269,D003,4
T0269,D007,4
T0269,D011,3
T0269,D019,5
T0269,D013,4
T0269,D021,5
T0269,D009,4
T0269,D026,3
T0269,D008,4
T0269,D023,4
T0269,D005,2
T0269,D017,3
T0269,D015,4
T0270,D022,5
T0270,D018,4
T0270,D008,3
T0270,D005,5
T0270,D021,4
T0270,D026,3
T0270,D003,4
T0270,D017,4
T0270,D016,3
T0270,D002,5
T0270,D024,4
T0270,D010,4
T0270,D004,4
T0270,D015,4
T0271,D018,4
T0271,D026,3
T0271,D012,2
T0271,D019,3
T0271,D022,3
T0271,D007,3
T0271,D008,3
T0271,D017,4
T0271,D002,4
T0271,D006,3
T0272,D026,4
T0272,D019,4
T0272,D008,3
T0272,D003,2
T0272,D023,4
T0272,D013,3
T0272,D022,3
T0272,D017,3
T0272,D007,3
T0272,D004,3
T0272,D009,3
T0272,D025,3
T0272,D018,3
T0272,D011,4
T0273,D015,4
T0273,D013,5
T0273,D009,4
T0273,D025,3
T0273,D005,3
T0273,D001,5
T0273,D023,3
T0273,D011,3
T0273,D014,4
T0273,D024,3
T0273,D007,4
T0273,D026,3
T0274,D017,3
T0274,D002,3
T0274,D004,4
T0274,D005,3
T0274,D021,4
T0274,D019,3
T0274,D008,3
T0274,D007,3
T0274,D020,4
T0274,D023,4
T0274,D025,2
T0274,D024,4
T0274,D026,2
T0274,D022,4
T0274,D011,3
T0274,D013,4
T0275,D011,4
T0275,D001,4
T0275,D023,4
T0275,D012,2
T0275,D008,2
T0275,D018,3
T0275,D004,3
T0275,D020,3
T0275,D006,4
T0275,D013,3
T0275,D009,3
T0275,D010,3
T0275,D026,3
T0275,D015,3
T0275,D019,3
T0275,D016,3
T0276,D023,4
T0276,D010,3
T0276,D011,4
T0276,D015,4
T0276,D005,4
T0276,D016,3
T0276,D024,4
T0276,D004,4
T0276,D002,5
T0276,D006,4
T0276,D017,3
T0276,D003,4
T0277,D010,4
T0277,D016,4
T0277,D008,3
T0277,D009,4
T0277,D021,3
T0277,D022,3
T0277,D011,4
T0277,D007,3
T0277,D019,3
T0277,D001,3
T0277,D015,4
T0277,D023,3
T0277,D002,5
T0277,D005,4
T0277,D024,4
T0278,D026,3
T0278,D015,4
T0278,D002,3
T0278,D001,4
T0278,D011,4
T0278,D016,3
T0278,D012,4
T0278,D018,3
T0278,D006,4
T0278,D010,3
T0278,D009,4
T0278,D022,4
T0278,D017,2
T0279,D022,3
T0279,D011,4
T0279,D013,4
T0279,D023,4
T0279,D021,5
T0279,D001,4
T0279,D026,3
T0279,D008,4
T0279,D003,4
T0279,D024,2
T0279,D007,3
T0279,D018,2
T0280,D026,3
T0280,D016,2
T0280,D022,3
T0280,D001,4
T0280,D007,4
T0280,D021,3
T0280,D014,4
T0280,D003,4
T0280,D024,3
T0280,D015,4
T0280,D008,4
T0280,D004,3
T0280,D002,3
T0280,D009,3
T0280,D013,4
T0281,D022,4
T0281,D021,5
T0281,D008,4
T0281,D012,3
T0281,D024,3
T0281,D004,3
T0281,D006,4
T0281,D020,4
T0281,D017,3
T0281,D026,4
T0281,D018,3
T0282,D009,4
T0282,D001,4
T0282,D006,3
T0282,D019,3
T0282,D025,3
T0282,D010,4
T0282,D002,4
T0282,D008,3
T0282,D012,2
T0282,D013,3
T0282,D026,4
T0282,D023,4
T0282,D018,4
T0283,D024,4
T0283,D007,4
T0283,D020,3
T0283,D012,5
T0283,D002,5
T0283,D015,5
T0283,D026,3
T0283,D022,4
T0283,D013,3
T0283,D014,3
T0283,D018,4
T0283,D019,3
T0284,D005,4
T0284,D023,3
T0284,D024,4
T0284,D022,5
T0284,D013,4
T0284,D026,4
T0284,D017,3
T0284,D003,3
T0284,D014,3
T0284,D010,4
T0284,D009,5
T0284,D004,4
T0285,D001,4
T0285,D010,5
T0285,D019,3
T0285,D026,4
T0285,D005,4
T0285,D024,5
T0285,D009,4
T0285,D002,3
T0285,D023,3
T0285,D011,3
T0285,D006,4
T0285,D018,4
T0285,D017,4
T0285,D022,4
T0285,D016,3
T0285,D013,4
T0285,D004,4
T0286,D003,3
T0286,D026,4
T0286,D015,4
T0286,D024,4
T0286,D001,4
T0286,D012,3
T0286,D004,4
T0286,D006,4
T0286,D005,4
T0286,D010,4
T0287,D018,3
T0287,D001,3
T0287,D011,3
T0287,D022,4
T0287,D024,3
T0287,D008,5
T0287,D013,4
T0287,D016,3
T0287,D019,4
T0287,D017,3
T0287,D007,4
T0287,D021,5
T0287,D009,4
T0287,D015,5
T0287,D003,4
T0288,D026,4
T0288,D017,4
T0288,D018,4
T0288,D023,2
T0288,D021,2
T0288,D015,5
T0288,D025,2
T0288,D005,5
T0288,D024,5
T0288,D004,5
T0288,D009,5
T0289,D018,4
T0289,D015,3
T0289,D023,4
T0289,D001,4
T0289,D010,3
T0289,D007,4
T0289,D005,4
T0289,D026,3
T0289,D009,3
T0289,D024,4
T0289,D022,3
T0289,D013,4
T0289,D016,4
T0289,D008,3
T0289,D012,4
T0290,D019,4
T0290,D011,3
T0290,D023,3
T0290,D006,4
T0290,D026,3
T0290,D005,3
T0290,D012,3
T0291,D024,4
T0291,D019,4
T0291,D007,3
T0291,D003,4
T0291,D015,3
T0291,D021,3
T0291,D001,5
T0292,D009,3
T0292,D011,4
T0292,D001,5
T0292,D021,4
T0292,D016,3
T0292,D005,4
T0292,D004,3
T0292,D015,4
T0292,D019,4
T0292,D018,3
T0293,D024,4
T0293,D008,3
T0293,D019,3
T0293,D001,3
T0293,D002,3
T0293,D011,3
T0293,D010,3
T0293,D015,4
T0293,D004,4
T0293,D013,3
T0293,D007,3
T0293,D006,5
T0293,D025,3
T0293,D022,4
T0294,D026,5
T0294,D020,3
T0294,D011,3
T0294,D017,5
T0294,D005,4
T0294,D021,2
T0294,D010,4
T0294,D018,5
T0294,D002,4
T0294,D016,4
T0294,D004,5
T0295,D015,4
T0295,D024,2
T0295,D003,4
T0295,D008,5
T0295,D019,4
T0295,D022,3
T0295,D002,3
T0295,D017,3
T0295,D023,4
T0295,D016,3
T0295,D026,4
T0296,D020,2
T0296,D010,4
T0296,D006,4
T0296,D022,5
T0296,D002,5
T0296,D018,4
T0296,D024,5
T0296,D009,4
T0296,D015,4
T0296,D005,4
T0296,D001,3
T0296,D004,4
T0296,D017,4
T0296,D011,2
T0296,D021,2
T0297,D024,4
T0297,D015,4
T0297,D001,3
T0297,D022,4
T0297,D010,4
T0297,D006,3
T0297,D009,4
T0297,D007,3
T0297,D014,3
T0297,D004,4
T0297,D023,3
T0297,D017,3
T0297,D008,3
T0297,D021,3
T0297,D026,4
T0297,D011,2
T0298,D007,3
T0298,D009,3
T0298,D008,4
T0298,D001,4
T0298,D014,3
T0298,D021,5
T0298,D019,4
T0298,D026,4
T0298,D020,3
T0298,D004,3
T0298,D016,4
T0299,D003,3
T0299,D010,3
T0299,D022,3
T0299,D020,3
T0299,D004,3
T0299,D002,3
T0299,D011,3
T0299,D007,3
T0299,D018,3
T0299,D013,4
T0299,D021,4
T0299,D019,5
T0300,D019,3
T0300,D021,3
T0300,D006,5
T0300,D008,2
T0300,D001,5
T0300,D005,4
T0300,D022,5
T0300,D018,4
T0300,D013,3
T0300,D025,3
T0300,D020,4
T0300,D012,4
T0300,D010,4
T0301,D007,4
T0301,D020,3
T0301,D004,3
T0301,D017,3
T0301,D003,3
T0301,D022,4
T0301,D019,4
T0301,D001,4
T0301,D016,3
T0301,D006,3
T0302,D001,4
T0302,D004,3
T0302,D013,3
T0302,D006,3
T0302,D003,3
T0302,D021,4
T0302,D026,4
T0302,D020,3
T0302,D011,3
T0303,D011,5
T0303,D018,3
T0303,D013,4
T0303,D009,3
T0303,D003,4
T0303,D020,3
T0303,D005,3
T0303,D017,3
T0303,D019,4
T0303,D021,4
T0303,D004,3
T0303,D008,4
T0303,D014,4
T0304,D008,3
T0304,D024,4
T0304,D026,3
T0304,D010,5
T0304,D007,3
T0304,D019,3
T0304,D018,4
T0304,D004,5
T0304,D017,4
T0304,D023,3
T0304,D002,5
T0304,D005,5
T0305,D001,4
T0305,D019,4
T0305,D023,3
T0305,D004,4
T0305,D014,3
T0305,D002,4
T0305,D020,4
T0305,D017,4
T0305,D013,3
T0305,D010,5
T0305,D026,4
T0305,D005,3
T0305,D006,4
T0306,D012,4
T0306,D022,3
T0306,D023,3
T0306,D021,4
T0306,D019,4
T0306,D017,3
T0306,D015,3
T0306,D007,4
T0306,D008,3
T0306,D026,3
T0307,D011,3
T0307,D018,3
T0307,D014,3
T0307,D020,3
T0307,D026,4
T0307,D007,3
T0307,D010,3
T0307,D016,2
T0307,D009,3
T0307,D001,4
T0307,D017,3
T0307,D005,3
T0307,D004,3
T0307,D015,3
T0307,D019,3
T0307,D021,4
T0307,D013,4
T0307,D008,3
T0308,D001,4
T0308,D013,4
T0308,D009,4
T0308,D019,3
T0308,D005,3
T0308,D026,4
T0308,D011,3
T0308,D025,3
T0308,D022,4
T0308,D004,3
T0308,D002,3
T0308,D015,3
T0308,D016,3
T0308,D018,3
T0308,D006,4
T0308,D021,3
T0309,D017,3
T0309,D022,3
T0309,D021,3
T0309,D011,3
T0309,D018,4
T0309,D010,3
T0309,D003,2
T0309,D004,4
T0309,D026,2
T0309,D015,3
T0309,D005,3
T0309,D012,2
T0309,D019,2
T0309,D006,4
T0310,D024,3
T0310,D004,4
T0310,D026,4
T0310,D010,4
T0310,D006,3
T0310,D023,4
T0310,D001,3
T0310,D011,4
T0310,D003,2
T0310,D017,4
T0310,D018,4
T0310,D005,3
T0311,D025,2
T0311,D007,3
T0311,D011,4
T0311,D012,4
T0311,D020,4
T0311,D022,3
T0311,D010,4
T0311,D009,4
T0311,D021,3
T0311,D026,3
T0311,D016,4
T0311,D003,3
T0311,D005,3
T0311,D018,4
T0311,D004,4
T0312,D015,3
T0312,D019,4
T0312,D007,4
T0312,D005,3
T0312,D025,3
T0312,D023,4
T0312,D021,4
T0312,D011,4
T0312,D026,3
T0312,D013,4
T0312,D006,3
T0312,D016,3
T0312,D004,2
T0312,D014,4
T0312,D020,3
T0312,D008,4
T0312,D010,3
T0312,D009,4
T0312,D024,3
T0313,D008,3
T0313,D006,4
T0313,D002,4
T0313,D003,3
T0313,D004,4
T0313,D023,4
T0313,D026,3
T0313,D025,3
T0313,D010,4
T0313,D012,4
T0313,D022,3
T0313,D011,4
T0313,D018,4
T0314,D014,3
T0314,D007,3
T0314,D021,5
T0314,D002,3
T0314,D026,3
T0314,D006,4
T0314,D009,3
T0314,D013,5
T0314,D003,4
T0314,D010,2
T0314,D018,3
T0314,D019,4
T0314,D005,3
T0314,D020,3
T0314,D023,4
T0314,D001,4
T0315,D023,3
T0315,D021,3
T0315,D020,2
T0315,D018,3
T0315,D011,3
T0315,D026,4
T0315,D024,3
T0315,D001,3
T0315,D009,3
T0315,D007,3
T0316,D026,4
T0316,D011,3
T0316,D018,3
T0316,D012,3
T0316,D006,3
T0316,D008,4
T0316,D022,4
T0316,D021,4
T0316,D007,4
T0316,D005,3
T0317,D022,4
T0317,D024,3
T0317,D005,3
T0317,D011,3
T0317,D001,4
T0317,D012,4
T0317,D003,4
T0317,D014,3
T0317,D010,3
T0317,D021,3
T0317,D020,4
T0317,D016,3
T0317,D019,4
T0318,D010,4
T0318,D002,4
T0318,D005,4
T0318,D014,3
T0318,D004,5
T0319,D014,4
T0319,D003,5
T0319,D017,3
T0319,D015,4
T0319,D023,4
T0319,D024,3
T0319,D010,4
T0319,D001,5
T0319,D021,4
T0319,D004,3
T0319,D008,4
T0319,D013,4
T0320,D026,4
T0320,D021,3
T0320,D016,3
T0320,D023,2
T0320,D020,2
T0320,D005,4
T0320,D010,5
T0320,D006,3
T0320,D004,5
T0320,D001,3
T0321,D017,3
T0321,D026,4
T0321,D015,3
T0321,D001,4
T0321,D023,4
T0321,D020,3
T0321,D004,3
T0321,D006,3
T0321,D011,4
T0321,D018,3
T0321,D021,3
T0321,D016,4
T0321,D009,4
T0322,D013,5
T0322,D005,4
T0322,D008,4
T0322,D002,4
T0322,D018,4
T0322,D011,3
T0322,D001,5
T0322,D026,3
T0322,D009,4
T0322,D014,4
T0322,D025,3
T0322,D006,3
T0323,D010,4
T0323,D004,4
T0323,D019,4
T0323,D023,4
T0323,D008,3
T0323,D005,4
T0323,D007,3
T0323,D022,3
T0323,D020,3
T0323,D018,3
T0323,D017,3
T0323,D014,3
T0323,D016,3
T0324,D002,3
T0324,D008,4
T0324,D005,3
T0324,D003,4
T0324,D014,4
T0324,D013,5
T0324,D021,5
T0324,D022,3
T0324,D011,3
T0324,D015,4
T0324,D001,4
T0324,D007,4
T0325,D010,3
T0325,D012,4
T0325,D014,4
T0325,D024,3
T0325,D021,4
T0325,D025,3
T0325,D015,4
T0325,D019,4
T0325,D001,4
T0325,D022,3
T0325,D002,4
T0325,D020,3
T0325,D007,5
T0326,D016,2
T0326,D001,4
T0326,D008,3
T0326,D003,3
T0326,D013,4
T0326,D026,3
T0326,D022,3
T0326,D011,3
T0327,D017,4
T0327,D022,3
T0327,D007,4
T0327,D019,4
T0327,D024,4
T0327,D026,3
T0327,D020,3
T0327,D012,4
T0327,D013,3
T0328,D006,4
T0328,D003,4
T0328,D015,4
T0328,D018,3
T0328,D007,3
T0328,D013,4
T0328,D011,4
T0328,D001,4
T0328,D024,3
T0328,D017,3
T0328,D010,4
T0328,D022,4
T0328,D016,3
T0329,D001,4
T0329,D005,3
T0329,D023,4
T0329,D003,4
T0329,D022,3
T0329,D006,4
T0329,D011,4
T0329,D015,4
T0329,D009,4
T0329,D008,4
T0329,D016,3
T0329,D020,4
T0330,D011,4
T0330,D021,4
T0330,D012,3
T0330,D013,4
T0330,D020,3
T0330,D022,4
T0330,D016,3
T0330,D017,3
T0330,D010,3
T0330,D004,3
T0330,D019,4
T0330,D005,4
T0331,D015,4
T0331,D021,3
T0331,D026,4
T0331,D004,3
T0331,D023,4
T0331,D019,3
T0331,D013,3
T0331,D006,4
T0331,D012,4
T0331,D016,3
T0331,D002,3
T0332,D023,3
T0332,D024,3
T0332,D017,3
T0332,D009,4
T0332,D015,4
T0332,D006,4
T0332,D004,3
T0332,D010,4
T0332,D014,3
T0332,D020,3
T0332,D003,2
T0332,D022,3
T0332,D026,3
T0333,D004,4
T0333,D018,4
T0333,D026,4
T0333,D006,4
T0333,D005,4
T0333,D007,2
T0333,D001,3
T0333,D013,4
T0333,D014,2
T0333,D003,2
T0333,D017,3
T0333,D002,3
T0333,D025,2
T0333,D019,4
T0333,D024,4
T0334,D013,4
T0334,D007,4
T0334,D019,3
T0334,D012,4
T0334,D009,3
T0334,D001,4
T0334,D015,3
T0334,D014,4
T0334,D021,4
T0334,D020,4
T0334,D018,4
T0334,D005,4
T0334,D006,4
T0334,D008,4
T0334,D004,4
T0335,D004,3
T0335,D007,3
T0335,D009,3
T0335,D010,2
T0335,D003,3
T0335,D024,3
T0335,D011,4
T0335,D023,3
T0335,D013,3
T0336,D004,5
T0336,D018,5
T0336,D024,5
T0336,D010,5
T0336,D002,4
T0336,D017,4
T0336,D005,4
T0336,D023,3
T0336,D012,3
T0336,D021,2
T0336,D009,5
T0336,D026,5
T0336,D015,3
T0336,D016,3
T0336,D014,2
T0336,D022,4
T0336,D020,3
T0336,D008,3
T0337,D001,3
T0337,D007,3
T0337,D020,3
T0337,D024,3
T0337,D011,4
T0337,D021,3
T0338,D013,5
T0338,D026,3
T0338,D002,4
T0338,D011,4
T0338,D010,3
T0338,D015,5
T0338,D001,5
T0338,D007,3
T0338,D017,3
T0338,D022,3
T0339,D006,4
T0339,D016,3
T0339,D021,4
T0339,D008,4
T0339,D013,4
T0339,D012,3
T0339,D015,3
T0339,D026,3
T0339,D022,3
T0339,D011,3
T0339,D010,3
T0339,D018,3
T0339,D019,4
T0339,D017,3
T0339,D020,4
T0339,D014,3
T0339,D024,4
T0339,D023,4
T0339,D001,4
T0339,D002,3
T0339,D004,4
T0339,D009,4
T0339,D007,3
T0340,D001,4
T0340,D010,4
T0340,D019,4
T0340,D002,4
T0340,D026,2
T0340,D015,3
T0340,D022,4
T0340,D011,3
T0340,D023,3
T0340,D020,4
T0341,D021,4
T0341,D017,4
T0341,D022,3
T0341,D004,4
T0341,D019,4
T0341,D013,4
T0341,D016,3
T0341,D002,3
T0341,D003,4
T0341,D026,4
T0341,D023,4
T0341,D024,3
T0341,D012,3
T0341,D007,5
T0341,D018,3
T0341,D010,3
T0341,D009,3
T0342,D013,4
T0342,D010,4
T0342,D007,3
T0342,D008,3
T0342,D004,3
T0342,D009,3
T0342,D023,4
T0342,D005,4
T0342,D019,4
T0342,D001,4
T0343,D011,5
T0343,D020,3
T0343,D008,3
T0343,D009,3
T0343,D005,3
T0343,D019,3
T0343,D002,3
T0343,D015,3
T0343,D001,3
T0343,D023,4
T0343,D022,4
T0343,D025,3
T0343,D017,3
T0344,D013,4
T0344,D011,4
T0344,D019,3
T0344,D022,3
T0344,D023,4
T0344,D009,3
T0344,D008,3
T0344,D026,3
T0344,D006,4
T0344,D010,3
T0344,D018,3
T0344,D016,3
T0344,D017,4
T0344,D003,3
T0344,D021,3
T0345,D010,5
T0345,D001,4
T0345,D026,5
T0345,D022,4
T0345,D023,3
T0345,D002,3
T0345,D005,4
T0345,D006,3
T0345,D016,2
T0345,D011,3
T0345,D018,4
T0345,D004,4
T0345,D019,2
T0346,D022,4
T0346,D015,4
T0346,D009,4
T0346,D011,4
T0346,D012,3
T0346,D020,4
T0346,D006,4
T0346,D007,4
T0346,D004,4
T0346,D013,4
T0347,D010,4
T0347,D002,4
T0347,D001,4
T0347,D004,3
T0347,D019,3
T0347,D005,4
T0347,D006,4
T0347,D022,4
T0347,D017,4
T0347,D016,3
T0348,D013,2
T0348,D014,2
T0348,D007,3
T0348,D023,3
T0348,D026,4
T0348,D010,4
T0348,D009,3
T0348,D006,4
T0348,D017,3
T0349,D008,4
T0349,D021,4
T0349,D020,4
T0349,D011,4
T0349,D007,5
T0349,D015,4
T0349,D012,5
T0349,D016,3
T0349,D004,3
T0349,D023,4
T0349,D025,4
T0350,D022,3
T0350,D016,4
T0350,D001,4
T0350,D002,3
T0350,D010,4
T0350,D006,3
T0350,D021,4
T0350,D013,4
T0350,D018,3
T0350,D026,4
T0350,D019,4
T0350,D003,3
T0350,D007,3
T0351,D024,4
T0351,D002,5
T0351,D013,3
T0351,D006,4
T0351,D005,4
T0351,D001,3
T0351,D008,3
T0351,D018,4
T0351,D025,2
T0351,D009,4
T0351,D022,5
T0352,D022,4
T0352,D002,4
T0352,D001,3
T0352,D024,3
T0352,D011,3
T0352,D021,4
T0352,D006,4
T0352,D015,3
T0352,D012,4
T0352,D007,4
T0352,D009,4
T0352,D017,3
T0353,D023,4
T0353,D016,4
T0353,D001,4
T0353,D024,4
T0353,D025,2
T0353,D013,4
T0353,D004,4
T0353,D017,3
T0354,D013,4
T0354,D023,3
T0354,D019,4
T0354,D025,3
T0354,D008,4
T0354,D003,3
T0354,D015,4
T0354,D009,4
T0354,D017,2
T0354,D022,3
T0354,D006,3
T0354,D018,2
T0354,D011,4
T0354,D021,4
T0355,D008,3
T0355,D026,4
T0355,D006,4
T0355,D010,5
T0355,D005,5
T0355,D019,4
T0355,D018,5
T0355,D017,4
T0355,D004,5
T0355,D020,4
T0355,D024,5
T0355,D009,4
T0356,D020,4
T0356,D007,3
T0356,D002,4
T0356,D013,5
T0356,D014,4
T0356,D011,4
T0356,D016,3
T0356,D003,4
T0357,D015,4
T0357,D007,4
T0357,D019,4
T0357,D013,4
T0357,D011,4
T0357,D002,4
T0357,D017,3
T0357,D003,4
T0357,D004,3
T0357,D001,4
T0358,D013,3
T0358,D018,4
T0358,D003,3
T0358,D017,3
T0358,D024,3
T0358,D009,3
T0358,D004,3
T0358,D026,3
T0358,D010,4
T0358,D012,3
T0359,D001,3
T0359,D019,3
T0359,D020,2
T0359,D025,2
T0359,D022,3
T0360,D018,5
T0360,D007,3
T0360,D006,4
T0360,D008,2
T0360,D009,5
T0360,D024,5
T0360,D010,4
T0360,D025,2
T0360,D015,4
T0361,D003,3
T0361,D022,3
T0361,D015,2
T0361,D010,4
T0361,D011,5
T0361,D020,2
T0361,D014,2
T0361,D023,4
T0361,D005,3
T0361,D017,4
T0361,D026,4
T0361,D009,3
T0361,D006,4
T0362,D021,4
T0362,D009,3
T0362,D010,3
T0362,D007,4
T0362,D012,3
T0362,D015,4
T0362,D002,3
T0363,D004,4
T0363,D024,4
T0363,D015,4
T0363,D022,4
T0363,D026,4
T0363,D016,3
T0363,D013,4
T0363,D005,3
T0363,D020,3
T0363,D006,3
T0363,D017,3
T0363,D018,4
T0364,D019,4
T0364,D023,4
T0364,D008,3
T0364,D022,3
T0364,D001,4
T0364,D018,2
T0364,D003,3
T0364,D016,4
T0364,D021,3
T0364,D011,4
T0364,D009,3
T0364,D006,4
T0364,D015,3
T0364,D005,2
T0365,D003,4
T0365,D018,3
T0365,D024,3
T0365,D016,3
T0365,D017,3
T0365,D023,4
T0365,D012,4
T0365,D025,3
T0365,D019,4
T0365,D011,3
T0365,D020,4
T0365,D007,4
T0366,D007,4
T0366,D012,2
T0366,D013,4
T0366,D005,3
T0366,D018,3
T0366,D006,4
T0366,D024,4
T0366,D026,4
T0366,D001,4
T0366,D022,4
T0366,D021,4
T0367,D009,5
T0367,D001,4
T0367,D019,3
T0367,D015,4
T0367,D011,3
T0367,D024,4
T0367,D010,4
T0367,D017,4
T0367,D013,3
T0367,D006,3
T0367,D022,4
T0367,D026,5
T0367,D014,2
T0368,D009,4
T0368,D017,4
T0368,D010,4
T0368,D015,5
T0368,D012,3
T0368,D013,4
T0368,D005,4
T0368,D026,4
T0369,D014,2
T0369,D009,3
T0369,D011,4
T0369,D016,4
T0369,D006,4
T0369,D008,4
T0369,D013,5
T0369,D004,4
T0369,D001,4
T0369,D020,4
T0369,D012,4
T0369,D002,3
T0369,D024,3
T0369,D021,4
T0370,D022,4
T0370,D004,4
T0370,D011,4
T0370,D016,4
T0370,D010,4
T0370,D012,5
T0370,D001,4
T0370,D015,4
T0370,D008,3
T0370,D017,5
T0370,D024,3
T0370,D005,4
T0370,D007,3
T0370,D020,4
T0370,D026,3
T0371,D010,4
T0371,D023,4
T0371,D008,3
T0371,D009,4
T0371,D011,3
T0371,D007,3
T0371,D026,4
T0372,D006,5
T0372,D002,4
T0372,D017,4
T0372,D005,5
T0372,D026,4
T0372,D013,4
T0372,D004,4
T0372,D024,4
T0372,D020,3
T0372,D015,4
T0373,D024,3
T0373,D006,3
T0373,D011,3
T0373,D010,4
T0373,D013,2
T0373,D012,2
T0373,D009,3
T0373,D007,2
T0373,D018,4
T0373,D016,3
T0374,D008,4
T0374,D006,3
T0374,D019,4
T0374,D015,4
T0374,D007,3
T0374,D004,4
T0374,D024,3
T0374,D001,4
T0374,D010,3
T0375,D003,3
T0375,D020,3
T0375,D007,3
T0375,D010,4
T0375,D017,5
T0375,D019,3
T0375,D012,4
T0375,D018,5
T0375,D002,4
T0375,D001,3
T0375,D015,5
T0375,D024,4
T0376,D009,4
T0376,D001,4
T0376,D021,3
T0376,D011,3
T0376,D002,4
T0376,D010,3
T0376,D024,3
T0376,D016,3
T0377,D011,4
T0377,D024,4
T0377,D009,4
T0377,D018,3
T0377,D001,5
T0377,D002,4
T0377,D021,5
T0377,D015,5
T0377,D003,4
T0377,D016,4
T0377,D013,5
T0377,D006,4
T0377,D008,4
T0377,D014,3
T0377,D019,3
T0377,D022,4
T0378,D010,4
T0378,D012,3
T0378,D004,4
T0378,D002,4
T0378,D009,4
T0378,D005,4
T0378,D022,4
T0378,D025,2
T0378,D024,4
T0378,D020,3
T0379,D005,4
T0379,D012,3
T0379,D025,2
T0379,D018,3
T0379,D010,4
T0379,D024,3
T0379,D004,3
T0379,D002,3
T0379,D022,3
T0379,D011,3
T0379,D015,3
T0379,D014,2
T0379,D001,3
T0380,D010,4
T0380,D018,4
T0380,D021,4
T0380,D005,3
T0380,D019,4
T0380,D011,3
T0380,D007,4
T0380,D004,3
T0380,D002,4
T0380,D015,3
T0380,D008,4
T0381,D010,4
T0381,D015,4
T0381,D007,4
T0381,D009,3
T0381,D017,4
T0381,D001,4
T0381,D020,5
T0381,D003,4
T0381,D018,4
T0381,D005,4
T0381,D019,3
T0381,D002,4
T0381,D022,4
T0381,D004,4
T0382,D001,5
T0382,D003,4
T0382,D014,4
T0382,D008,4
T0382,D007,4
T0382,D012,4
T0382,D013,4
T0382,D022,4
T0382,D006,4
T0382,D024,2
T0382,D015,4
T0382,D026,4
T0382,D023,5
T0382,D021,5
T0382,D005,2
T0382,D017,3
T0382,D020,4
T0382,D019,5
T0383,D022,3
T0383,D020,3
T0383,D001,4
T0383,D026,3
T0383,D007,4
T0383,D017,3
T0383,D021,5
T0383,D015,4
T0383,D018,3
T0384,D024,3
T0384,D020,4
T0384,D013,5
T0384,D014,3
T0384,D025,3
T0384,D004,3
T0384,D002,3
T0384,D019,5
T0384,D011,4
T0384,D008,4
T0384,D021,5
T0385,D013,4
T0385,D007,3
T0385,D021,3
T0385,D010,4
T0385,D025,2
T0385,D026,4
T0385,D002,3
T0385,D009,3
T0385,D016,3
T0385,D023,4
T0385,D022,3
T0386,D018,4
T0386,D015,3
T0386,D016,3
T0386,D024,4
T0386,D003,3
T0386,D001,4
T0386,D013,3
T0386,D019,3
T0386,D004,4
T0387,D010,4
T0387,D022,4
T0387,D005,4
T0387,D009,5
T0387,D023,3
T0387,D011,4
T0387,D012,3
T0387,D017,5
T0387,D024,5
T0388,D009,4
T0388,D014,3
T0388,D015,3
T0388,D007,4
T0388,D011,4
T0388,D022,4
T0388,D010,4
T0388,D018,3
T0388,D012,4
T0389,D008,4
T0389,D021,4
T0389,D006,3
T0389,D002,5
T0389,D005,4
T0389,D020,4
T0389,D015,5
T0389,D012,3
T0389,D022,4
T0389,D009,4
T0389,D004,4
T0389,D001,3
T0389,D023,3
T0389,D011,3
T0390,D009,4
T0390,D019,3
T0390,D005,5
T0390,D003,3
T0390,D008,3
T0390,D017,4
T0390,D026,4
T0390,D002,5
T0390,D001,3
T0390,D010,4
T0390,D006,4
T0390,D004,4
T0390,D014,4
T0390,D018,5
T0390,D022,4
T0390,D020,4
T0391,D022,3
T0391,D015,5
T0391,D012,3
T0391,D006,3
T0391,D003,4
T0391,D017,3
T0391,D008,4
T0391,D013,5
T0391,D020,4
T0391,D021,5
T0391,D024,3
T0391,D019,5
T0391,D026,3
T0391,D009,3
T0391,D014,4
T0392,D005,4
T0392,D016,3
T0392,D008,4
T0392,D004,5
T0392,D018,5
T0392,D017,4
T0392,D010,4
T0392,D021,3
T0392,D002,3
T0392,D015,4
T0392,D013,3
T0392,D022,4
T0393,D002,4
T0393,D009,4
T0393,D017,4
T0393,D022,5
T0393,D013,3
T0393,D018,4
T0393,D011,4
T0393,D026,3
T0393,D006,5
T0393,D024,5
T0394,D014,3
T0394,D013,4
T0394,D018,3
T0394,D010,3
T0394,D001,4
T0394,D016,2
T0394,D021,5
T0394,D019,4
T0394,D025,2
T0395,D007,3
T0395,D001,4
T0395,D020,3
T0395,D010,4
T0395,D019,4
T0395,D022,4
T0395,D016,3
T0395,D013,4
T0395,D023,4
T0395,D014,3
T0395,D015,4
T0395,D005,3
T0395,D011,4
T0395,D021,3
T0395,D003,3
T0396,D023,4
T0396,D009,3
T0396,D024,3
T0396,D019,4
T0396,D021,5
T0396,D015,3
T0396,D004,3
T0396,D010,3
T0396,D026,3
T0396,D014,3
T0396,D013,4
T0397,D008,4
T0397,D006,4
T0397,D012,4
T0397,D025,3
T0397,D014,3
T0397,D022,4
T0397,D003,4
T0397,D020,4
T0397,D021,4
T0397,D013,4
T0397,D011,3
T0397,D019,3
T0397,D004,4
T0397,D005,3
T0398,D011,3
T0398,D006,4
T0398,D022,4
T0398,D015,4
T0398,D004,4
T0398,D016,3
T0398,D018,4
T0398,D003,2
T0398,D026,4
T0398,D024,5
T0398,D023,3
T0398,D002,5
T0399,D001,5
T0399,D017,3
T0399,D024,3
T0399,D009,4
T0399,D020,3
T0399,D023,4
T0399,D011,4
T0399,D010,3
T0399,D019,4
T0400,D013,3
T0400,D018,3
T0400,D023,4
T0400,D006,3
T0400,D007,3
T0400,D002,3
T0400,D012,4
T0400,D024,4
T0400,D010,2
T0400,D016,3
T0400,D011,4
T0400,D022,3
T0400,D025,3
T0400,D021,4
T0401,D018,5
T0401,D002,3
T0401,D006,4
T0401,D005,4
T0401,D004,4
T0401,D017,4
T0401,D016,5
T0401,D008,2
T0401,D019,3
T0401,D023,4
T0401,D013,3
T0402,D001,5
T0402,D024,4
T0402,D013,4
T0402,D026,3
T0402,D003,4
T0402,D019,4
T0402,D007,4
T0402,D022,4
T0402,D023,3
T0402,D002,4
T0403,D022,4
T0403,D013,3
T0403,D018,3
T0403,D004,3
T0403,D009,4
T0403,D015,3
T0403,D016,3
T0403,D023,4
T0404,D026,4
T0404,D003,2
T0404,D018,3
T0404,D014,3
T0404,D011,3
T0404,D008,2
T0404,D016,3
T0404,D006,3
T0404,D023,4
T0404,D004,4
T0404,D019,3
T0405,D008,4
T0405,D012,2
T0405,D019,4
T0405,D003,3
T0405,D023,4
T0405,D001,4
T0405,D010,4
T0405,D015,3
T0405,D020,3
T0405,D013,4
T0405,D011,3
T0405,D006,3
T0405,D009,3
T0405,D021,4
T0405,D024,3
T0406,D004,3
T0406,D019,3
T0406,D017,3
T0406,D024,3
T0406,D008,4
T0406,D001,4
T0406,D002,2
T0406,D026,4
T0406,D007,3
T0406,D012,3
T0406,D015,4
T0406,D023,4
T0406,D009,4
T0407,D015,4
T0407,D023,4
T0407,D007,5
T0407,D018,3
T0407,D002,4
T0407,D020,4
T0407,D019,5
T0407,D024,3
T0407,D017,4
T0407,D012,4
T0407,D003,4
T0407,D013,5
T0407,D010,3
T0408,D014,3
T0408,D002,3
T0408,D026,4
T0408,D010,4
T0408,D023,4
T0408,D024,3
T0408,D013,3
T0409,D019,4
T0409,D001,4
T0409,D013,5
T0409,D025,2
T0409,D018,3
T0409,D006,3
T0409,D012,4
T0409,D005,3
T0409,D008,4
T0409,D026,4
T0409,D010,3
T0409,D007,4
T0409,D023,4
T0409,D015,4
T0409,D002,3
T0410,D017,3
T0410,D003,3
T0410,D001,3
T0410,D007,3
T0410,D023,3
T0410,D011,3
T0410,D015,3
T0410,D013,4
T0410,D010,3
T0411,D018,3
T0411,D019,4
T0411,D013,4
T0411,D020,5
T0411,D002,4
T0411,D026,3
T0411,D007,4
T0411,D008,3
T0411,D023,3
T0411,D014,4
T0411,D021,4
T0412,D002,4
T0412,D012,2
T0412,D026,3
T0412,D017,3
T0412,D024,4
T0412,D004,3
T0412,D013,4
T0412,D011,3
T0412,D019,3
T0412,D015,3
T0412,D010,4
T0413,D026,4
T0413,D009,4
T0413,D007,3
T0413,D011,3
T0413,D020,2
T0413,D015,3
T0413,D018,3
T0413,D008,2
T0413,D019,2
T0413,D022,3
T0413,D013,3
T0413,D010,4
T0413,D002,3
T0413,D017,3
T0413,D023,4
T0413,D014,4
T0413,D004,3
T0413,D001,3
T0413,D005,2
T0413,D025,3
T0414,D012,4
T0414,D018,3
T0414,D022,3
T0414,D008,3
T0414,D017,3
T0414,D021,3
T0414,D016,4
T0414,D023,5
T0414,D025,4
T0414,D003,4
T0414,D001,4
T0415,D018,4
T0415,D021,4
T0415,D022,5
T0415,D007,2
T0415,D019,4
T0415,D006,4
T0415,D004,4
T0415,D013,4
T0415,D015,5
T0415,D017,4
T0415,D001,4
T0415,D014,2
T0416,D026,3
T0416,D005,3
T0416,D003,4
T0416,D021,4
T0416,D009,4
T0416,D014,4
T0416,D013,4
T0416,D010,3
T0416,D008,4
T0417,D003,4
T0417,D019,4
T0417,D005,4
T0417,D020,4
T0417,D001,4
T0417,D011,4
T0417,D016,3
T0417,D012,4
T0417,D009,4
T0417,D006,4
T0417,D014,3
T0417,D017,3
T0417,D002,3
T0418,D005,4
T0418,D013,5
T0418,D018,5
T0418,D006,4
T0418,D010,4
T0418,D007,3
T0418,D009,4
T0418,D004,4
T0418,D003,3
T0418,D015,4
T0418,D021,3
T0419,D016,3
T0419,D014,4
T0419,D015,4
T0419,D002,3
T0419,D006,3
T0419,D003,4
T0419,D019,4
T0419,D018,3
T0419,D021,4
T0419,D010,4
T0419,D026,4
T0419,D023,4
T0419,D017,3
T0419,D001,4
T0420,D017,4
T0420,D001,3
T0420,D005,2
T0420,D007,4
T0420,D020,3
T0420,D026,4
T0420,D012,4
T0420,D018,4
T0420,D019,4
T0421,D016,3
T0421,D018,3
T0421,D013,4
T0421,D024,4
T0421,D008,3
T0421,D020,3
T0421,D011,4
T0421,D017,4
T0421,D021,3
T0421,D009,4
T0421,D022,4
T0421,D006,4
T0421,D015,4
T0421,D023,4
T0421,D003,3
T0421,D004,4
T0422,D013,5
T0422,D005,4
T0422,D003,3
T0422,D017,3
T0422,D001,4
T0422,D006,4
T0422,D007,3
T0422,D022,4
T0422,D024,4
T0422,D019,3
T0422,D021,3
T0423,D025,3
T0423,D001,4
T0423,D022,4
T0423,D023,4
T0423,D005,3
T0423,D012,4
T0423,D003,4
T0423,D015,4
T0423,D008,3
T0423,D019,4
T0423,D007,3
T0423,D006,3
T0423,D018,3
T0424,D009,4
T0424,D002,3
T0424,D017,4
T0424,D005,4
T0424,D022,5
T0424,D018,4
T0424,D026,4
T0424,D001,4
T0424,D024,5
T0424,D013,3
T0424,D012,3
T0424,D020,2
T0424,D004,4
T0424,D006,4
T0424,D011,3
T0424,D007,2
T0424,D019,3
T0424,D023,3
T0425,D019,5
T0425,D024,3
T0425,D013,4
T0425,D023,3
T0425,D006,3
T0425,D002,4
T0425,D009,3
T0425,D005,3
T0425,D001,4
T0425,D011,4
T0425,D015,4
T0425,D003,4
T0425,D021,5
T0425,D004,2
T0426,D013,4
T0426,D026,3
T0426,D012,4
T0426,D020,3
T0426,D017,3
T0426,D023,4
T0426,D022,3
T0426,D001,4
T0427,D006,4
T0427,D019,4
T0427,D004,2
T0427,D007,3
T0427,D015,4
T0427,D014,3
T0427,D017,3
T0427,D026,4
T0427,D003,4
T0427,D008,3
T0427,D021,3
T0427,D011,4
T0427,D023,4
T0427,D025,3
T0428,D026,4
T0428,D019,4
T0428,D021,3
T0428,D013,4
T0428,D006,4
T0428,D014,3
T0428,D004,3
T0428,D009,3
T0428,D007,3
T0428,D005,3
T0428,D015,4
T0428,D011,4
T0428,D023,4
T0429,D017,3
T0429,D023,3
T0429,D010,4
T0429,D006,4
T0429,D022,5
T0429,D011,3
T0429,D026,4
T0429,D002,4
T0429,D009,3
T0429,D004,4
T0429,D015,4
T0429,D003,3
T0430,D004,3
T0430,D026,3
T0430,D020,3
T0430,D015,4
T0430,D009,2
T0430,D018,4
T0430,D022,4
T0430,D008,3
T0430,D021,3
T0430,D006,4
T0430,D012,3
T0431,D024,3
T0431,D021,3
T0431,D002,3
T0431,D022,5
T0431,D004,4
T0431,D017,3
T0431,D013,3
T0431,D010,4
T0431,D023,3
T0432,D008,4
T0432,D009,4
T0432,D012,3
T0432,D026,3
T0432,D011,3
T0432,D016,3
T0432,D007,4
T0432,D013,5
T0433,D021,4
T0433,D026,3
T0433,D018,3
T0433,D007,3
T0433,D006,4
T0433,D005,3
T0433,D008,3
T0433,D017,3
T0433,D023,4
T0433,D016,2
T0433,D011,3
T0433,D014,3
T0433,D015,4
T0434,D010,2
T0434,D007,4
T0434,D020,3
T0434,D018,2
T0434,D008,4
T0434,D013,5
T0434,D015,4
T0434,D005,3
T0434,D014,4
T0434,D004,3
T0434,D026,3
T0434,D019,4
T0434,D003,4
T0434,D016,2
T0435,D004,4
T0435,D009,4
T0435,D001,4
T0435,D015,5
T0435,D026,4
T0435,D024,4
T0435,D023,3
T0435,D016,3
T0435,D021,3
T0435,D002,4
T0435,D008,3
T0435,D003,2
T0436,D021,4
T0436,D023,4
T0436,D020,4
T0436,D011,4
T0436,D018,4
T0436,D012,4
T0436,D024,3
T0436,D001,4
T0436,D009,3
T0436,D006,4
T0436,D008,3
T0437,D009,4
T0437,D018,3
T0437,D011,3
T0437,D004,4
T0437,D024,4
T0437,D021,4
T0437,D003,3
T0437,D007,3
T0437,D015,4
T0438,D024,3
T0438,D017,4
T0438,D009,4
T0438,D020,3
T0438,D018,3
T0438,D012,3
T0438,D023,5
T0438,D016,4
T0438,D010,3
T0438,D026,4
T0438,D011,4
T0438,D014,2
T0439,D026,3
T0439,D023,4
T0439,D017,4
T0439,D018,3
T0439,D012,3
T0439,D014,2
T0439,D001,5
T0439,D006,4
T0439,D009,4
T0439,D008,2
T0439,D007,3
T0439,D002,4
T0440,D022,3
T0440,D001,3
T0440,D003,4
T0440,D005,4
T0440,D002,4
T0440,D013,4
T0440,D019,4
T0440,D020,4
T0440,D023,3
T0440,D009,3
T0441,D014,4
T0441,D024,3
T0441,D021,5
T0441,D013,5
T0441,D022,4
T0441,D011,3
T0441,D019,5
T0441,D023,3
T0441,D008,4
T0441,D020,4
T0441,D010,2
T0442,D004,3
T0442,D017,2
T0442,D002,3
T0442,D001,4
T0442,D016,3
T0442,D021,4
T0442,D008,4
T0442,D026,4
T0442,D023,4
T0442,D013,4
T0442,D003,4
T0442,D018,3
T0442,D011,4
T0443,D026,3
T0443,D016,3
T0443,D013,5
T0443,D014,3
T0443,D018,2
T0443,D022,4
T0443,D001,4
T0443,D009,4
T0443,D007,3
T0443,D024,3
T0443,D021,4
T0444,D005,4
T0444,D001,4
T0444,D022,4
T0444,D009,4
T0444,D018,4
T0444,D010,4
T0444,D015,4
T0444,D002,4
T0444,D007,2
T0444,D023,2
T0444,D003,3
T0445,D006,3
T0445,D013,3
T0445,D023,3
T0445,D015,4
T0445,D002,3
T0445,D020,2
T0445,D007,2
T0445,D025,3
T0445,D004,3
T0445,D022,3
T0445,D017,3
T0445,D009,3
T0446,D014,3
T0446,D010,4
T0446,D008,4
T0446,D024,3
T0446,D017,4
T0446,D018,3
T0446,D012,3
T0446,D015,3
T0446,D020,3
T0446,D001,3
T0447,D004,3
T0447,D005,3
T0447,D017,4
T0447,D011,3
T0447,D009,3
T0447,D015,3
T0447,D010,5
T0447,D018,3
T0447,D014,2
T0447,D008,3
T0447,D024,4
T0447,D007,3
T0448,D010,4
T0448,D026,3
T0448,D024,4
T0448,D004,3
T0448,D003,3
T0448,D008,4
T0448,D021,4
T0448,D011,4
T0448,D006,3
T0448,D016,4
T0448,D019,4
T0448,D012,5
T0448,D002,3
T0448,D018,4
T0448,D013,3
T0448,D017,4
T0448,D007,3
T0448,D025,4
T0449,D008,4
T0449,D024,3
T0449,D019,5
T0449,D013,5
T0449,D002,3
T0449,D015,4
T0449,D021,4
T0449,D014,3
T0449,D020,2
T0449,D011,4
T0450,D015,4
T0450,D011,4
T0450,D002,4
T0450,D008,4
T0450,D006,5
T0450,D020,4
T0450,D010,3
T0450,D023,4
T0450,D001,5
T0450,D018,4
T0450,D024,3
T0450,D016,3
T0450,D005,4
T0451,D022,2
T0451,D019,4
T0451,D004,2
T0451,D006,3
T0451,D005,2
T0451,D010,2
T0451,D007,4
T0451,D011,4
T0451,D003,4
T0451,D023,4
T0451,D013,4
T0451,D016,3
T0451,D012,4
T0452,D015,4
T0452,D016,3
T0452,D019,3
T0452,D021,4
T0452,D020,4
T0452,D001,4
T0452,D022,4
T0452,D007,5
T0452,D017,4
T0452,D012,4
T0452,D024,4
T0453,D005,3
T0453,D019,4
T0453,D020,3
T0453,D022,3
T0453,D004,3
T0453,D015,3
T0453,D023,3
T0453,D013,3
T0453,D011,4
T0453,D017,3
T0453,D016,4
T0454,D004,3
T0454,D001,4
T0454,D024,3
T0454,D006,4
T0454,D012,4
T0454,D009,3
T0454,D026,3
T0454,D002,4
T0454,D023,3
T0454,D022,4
T0454,D010,4
T0454,D003,4
T0455,D024,5
T0455,D013,3
T0455,D014,3
T0455,D018,5
T0455,D005,5
T0455,D017,4
T0455,D019,4
T0455,D003,3
T0455,D009,5
T0455,D001,4
T0455,D011,3
T0455,D015,5
T0455,D002,5
T0455,D006,4
T0456,D002,4
T0456,D026,4
T0456,D022,5
T0456,D016,3
T0456,D024,4
T0456,D011,3
T0456,D010,5
T0456,D009,5
T0456,D013,3
T0456,D015,4
T0456,D001,3
T0457,D008,3
T0457,D009,4
T0457,D002,5
T0457,D001,4
T0457,D020,4
T0457,D013,4
T0457,D007,3
T0457,D021,3
T0457,D004,5
T0457,D022,5
T0457,D012,4
T0457,D005,5
T0457,D019,3
T0457,D018,5
T0457,D011,3
T0458,D001,4
T0458,D013,4
T0458,D003,4
T0458,D026,3
T0458,D014,5
T0458,D021,5
T0458,D015,4
T0458,D009,4
T0458,D005,3
T0458,D011,4
T0458,D008,4
T0458,D023,4
T0458,D019,4
T0458,D002,4
T0458,D007,4
T0458,D025,4
T0459,D020,3
T0459,D015,4
T0459,D018,5
T0459,D011,3
T0459,D017,4
T0459,D024,4
T0459,D007,2
T0459,D012,3
T0459,D016,3
T0459,D008,3
T0459,D010,5
T0459,D009,5
T0460,D013,3
T0460,D017,4
T0460,D024,4
T0460,D015,4
T0460,D001,5
T0460,D006,5
T0460,D021,3
T0460,D019,2
T0460,D011,4
T0461,D011,4
T0461,D019,5
T0461,D022,4
T0461,D021,4
T0461,D006,4
T0461,D014,4
T0461,D010,3
T0461,D016,4
T0462,D015,4
T0462,D010,3
T0462,D011,3
T0462,D009,4
T0462,D017,3
T0462,D023,4
T0462,D002,3
T0462,D018,3
T0462,D003,4
T0462,D006,3
T0463,D010,3
T0463,D022,4
T0463,D018,4
T0463,D013,4
T0463,D020,2
T0463,D006,4
T0463,D012,1
T0463,D024,4
T0463,D009,4
T0463,D021,3
T0463,D026,4
T0463,D005,4
T0464,D010,4
T0464,D022,5
T0464,D009,5
T0464,D017,4
T0464,D002,4
T0464,D011,3
T0464,D005,4
T0465,D001,3
T0465,D006,4
T0465,D021,2
T0465,D004,5
T0465,D010,4
T0465,D024,4
T0465,D026,5
T0465,D019,4
T0465,D018,4
T0465,D023,3
T0465,D009,5
T0465,D022,4
T0466,D004,4
T0466,D014,3
T0466,D015,3
T0466,D017,4
T0466,D022,4
T0466,D002,3
T0466,D001,5
T0466,D009,3
T0466,D016,3
T0466,D026,3
T0466,D008,3
T0466,D003,3
T0466,D013,4
T0466,D020,4
T0467,D007,3
T0467,D014,3
T0467,D010,4
T0467,D023,3
T0467,D009,3
T0467,D018,4
T0467,D019,4
T0467,D022,4
T0467,D011,3
T0468,D008,3
T0468,D022,3
T0468,D020,5
T0468,D019,4
T0468,D025,3
T0468,D011,3
T0468,D003,4
T0468,D010,3
T0468,D021,4
T0468,D018,4
T0468,D017,3
T0469,D013,4
T0469,D002,5
T0469,D010,5
T0469,D015,5
T0469,D004,5
T0469,D025,3
T0469,D022,5
T0469,D008,3
T0469,D005,5
T0469,D001,3
T0469,D003,3
T0469,D006,4
T0469,D009,5
T0469,D017,3
T0470,D010,4
T0470,D020,2
T0470,D019,2
T0470,D002,2
T0470,D014,3
T0470,D004,3
T0470,D026,3
T0470,D009,4
T0470,D007,2
T0470,D016,3
T0470,D013,3
T0470,D018,3
T0470,D017,3
T0470,D001,2
T0470,D023,3
T0470,D022,3
T0471,D003,3
T0471,D021,5
T0471,D005,2
T0471,D019,5
T0471,D013,5
T0471,D014,4
T0471,D009,3
T0471,D015,4
T0471,D022,3
T0471,D011,3
T0471,D024,2
T0472,D016,3
T0472,D023,4
T0472,D010,4
T0472,D014,3
T0472,D009,3
T0472,D005,2
T0472,D011,3
T0472,D013,4
T0472,D006,3
T0472,D026,3
T0473,D005,3
T0473,D024,4
T0473,D002,4
T0473,D001,3
T0473,D013,3
T0473,D008,3
T0473,D012,2
T0473,D021,3
T0473,D017,3
T0473,D020,3
T0473,D022,3
T0474,D011,4
T0474,D025,2
T0474,D023,4
T0474,D007,4
T0474,D019,5
T0474,D004,3
T0474,D001,4
T0474,D015,4
T0474,D021,5
T0474,D008,4
T0474,D017,4
T0475,D006,4
T0475,D017,4
T0475,D009,4
T0475,D002,5
T0475,D024,5
T0475,D013,4
T0475,D015,5
T0475,D007,3
T0476,D004,4
T0476,D003,3
T0476,D023,3
T0476,D007,4
T0476,D021,4
T0476,D010,3
T0476,D016,3
T0476,D006,4
T0476,D026,3
T0476,D022,4
T0476,D024,2
T0476,D009,4
T0476,D012,4
T0476,D019,4
T0476,D025,2
T0476,D020,4
T0476,D015,4
T0476,D001,4
T0476,D011,4
T0476,D008,4
T0477,D013,4
T0477,D012,4
T0477,D003,3
T0477,D005,3
T0477,D009,3
T0477,D021,4
T0477,D010,4
T0477,D008,3
T0477,D001,3
T0477,D002,3
T0477,D007,4
T0478,D025,3
T0478,D010,3
T0478,D005,3
T0478,D022,2
T0478,D018,3
T0478,D021,4
T0478,D024,3
T0479,D023,4
T0479,D024,4
T0479,D021,3
T0479,D001,4
T0479,D009,4
T0479,D011,3
T0479,D018,4
T0479,D003,3
T0479,D002,4
T0479,D020,3
T0479,D022,3
T0479,D015,3
T0479,D013,3
T0479,D007,3
T0479,D017,3
T0479,D006,3
T0479,D026,4
T0479,D016,3
T0479,D012,4
T0479,D005,3
T0480,D010,4
T0480,D007,3
T0480,D005,4
T0480,D023,3
T0480,D004,5
T0480,D017,4
T0480,D018,4
T0480,D011,3
T0480,D020,3
T0481,D006,4
T0481,D020,4
T0481,D002,3
T0481,D017,3
T0481,D014,4
T0481,D021,4
T0481,D008,4
T0481,D003,4
T0481,D001,5
T0481,D004,3
T0481,D012,4
T0481,D011,4
T0482,D009,4
T0482,D023,5
T0482,D006,3
T0482,D019,3
T0482,D020,4
T0482,D011,4
T0482,D026,4
T0482,D010,3
T0482,D025,3
T0482,D008,3
T0482,D018,3
T0482,D014,2
T0482,D007,4
T0482,D017,3
T0482,D016,4
T0482,D013,4
T0482,D002,3
T0482,D001,4
T0483,D009,4
T0483,D018,3
T0483,D019,4
T0483,D020,4
T0483,D005,3
T0483,D008,3
T0483,D006,3
T0483,D026,4
T0483,D014,3
T0483,D003,3
T0483,D011,4
T0483,D001,5
T0484,D005,3
T0484,D017,4
T0484,D025,1
T0484,D002,4
T0484,D024,4
T0484,D023,3
T0484,D009,4
T0484,D016,2
T0484,D004,4
T0484,D007,2
T0484,D015,3
T0485,D023,4
T0485,D002,4
T0485,D010,3
T0485,D018,3
T0485,D011,4
T0485,D020,4
T0485,D016,4
T0485,D001,4
T0485,D021,4
T0485,D006,4
T0485,D003,3
T0485,D005,3
T0486,D008,2
T0486,D022,5
T0486,D026,4
T0486,D004,4
T0486,D025,2
T0486,D017,5
T0486,D013,4
T0486,D009,4
T0486,D005,5
T0486,D001,4
T0487,D011,4
T0487,D008,3
T0487,D024,3
T0487,D004,4
T0487,D003,3
T0487,D013,3
T0487,D006,4
T0487,D025,3
T0487,D019,3
T0487,D017,3
T0487,D022,3
T0488,D013,4
T0488,D019,3
T0488,D001,5
T0488,D017,3
T0488,D023,4
T0488,D007,3
T0488,D020,4
T0488,D018,3
T0488,D005,4
T0488,D002,3
T0488,D021,4
T0488,D004,3
T0488,D012,3
T0488,D026,4
T0488,D010,3
T0488,D015,3
T0489,D006,4
T0489,D011,4
T0489,D007,4
T0489,D021,3
T0489,D019,4
T0489,D023,3
T0489,D003,4
T0489,D026,4
T0489,D022,4
T0490,D013,4
T0490,D012,4
T0490,D004,4
T0490,D021,4
T0490,D023,3
T0490,D008,4
T0490,D022,4
T0490,D015,4
T0490,D002,4
T0490,D007,4
T0490,D024,3
T0490,D020,4
T0490,D017,3
T0490,D005,3
T0490,D025,3
T0491,D014,3
T0491,D002,4
T0491,D010,2
T0491,D018,3
T0491,D025,2
T0491,D011,4
T0491,D017,3
T0491,D005,3
T0491,D020,4
T0491,D013,4
T0491,D006,4
T0491,D024,4
T0491,D023,4
T0491,D001,4
T0492,D006,3
T0492,D011,3
T0492,D025,3
T0492,D012,4
T0492,D022,4
T0492,D002,4
T0492,D021,4
T0492,D026,3
T0492,D020,4
T0493,D015,4
T0493,D005,3
T0493,D022,3
T0493,D002,4
T0493,D024,3
T0493,D001,3
T0493,D008,3
T0493,D010,4
T0493,D003,4
T0493,D025,3
T0494,D012,3
T0494,D020,4
T0494,D016,3
T0494,D014,4
T0494,D005,4
T0494,D009,4
T0494,D001,4
T0494,D011,3
T0494,D022,4
T0494,D006,4
T0495,D023,3
T0495,D006,3
T0495,D009,3
T0495,D022,3
T0495,D021,4
T0495,D002,4
T0495,D013,5
T0495,D016,2
T0495,D012,2
T0495,D026,3
T0495,D011,3
T0495,D001,5
T0495,D024,4
T0495,D018,3
T0495,D008,3
T0496,D006,3
T0496,D019,3
T0496,D011,3
T0496,D013,4
T0496,D008,3
T0496,D004,5
T0496,D007,3
T0496,D002,5
T0496,D003,3
T0497,D005,2
T0497,D021,4
T0497,D008,4
T0497,D007,4
T0497,D015,4
T0497,D003,4
T0497,D006,4
T0497,D023,3
T0497,D024,3
T0497,D002,3
T0497,D022,4
T0497,D016,3
T0498,D005,4
T0498,D026,4
T0498,D004,3
T0498,D013,3
T0498,D018,4
T0498,D017,4
T0498,D006,3
T0498,D015,4
T0498,D024,5
T0498,D021,3
T0498,D019,3
T0498,D008,4
T0498,D022,3
T0498,D002,4
T0499,D018,4
T0499,D019,3
T0499,D008,3
T0499,D015,3
T0499,D023,4
T0499,D001,4
T0499,D010,4
T0499,D026,4
T0499,D011,4
T0499,D017,3
T0499,D013,3
T0499,D012,3
T0499,D006,3
T0500,D022,3
T0500,D010,3
T0500,D021,5
T0500,D001,4
T0500,D019,4
T0500,D003,4
T0500,D025,3
T0500,D004,3
T0501,D006,4
T0501,D004,3
T0501,D010,3
T0501,D012,3
T0501,D020,3
T0501,D001,5
T0501,D021,4
T0501,D023,4
T0501,D007,4
T0501,D026,4
T0501,D019,5
T0501,D016,4
T0501,D022,3
T0501,D003,4
T0501,D009,3
T0502,D002,3
T0502,D006,4
T0502,D025,2
T0502,D016,2
T0502,D013,4
T0502,D022,4
T0502,D021,4
T0502,D008,3
T0502,D009,3
T0502,D019,3
T0502,D003,4
T0502,D014,4
T0502,D026,4
T0502,D015,4
T0502,D024,3
T0503,D024,4
T0503,D015,3
T0503,D026,4
T0503,D022,4
T0503,D010,4
T0503,D019,3
T0503,D023,3
T0503,D009,4
T0503,D002,3
T0503,D006,3
T0503,D012,2
T0503,D011,3
T0503,D017,3
T0503,D013,4
T0503,D005,4
T0503,D020,2
T0504,D017,4
T0504,D001,4
T0504,D005,4
T0504,D003,3
T0504,D007,3
T0504,D019,3
T0504,D022,4
T0504,D009,4
T0504,D021,4
T0504,D025,3
T0504,D023,4
T0504,D011,4
T0504,D026,4
T0504,D024,4
T0505,D010,4
T0505,D017,4
T0505,D005,5
T0505,D006,4
T0505,D002,5
T0505,D024,5
T0505,D019,4
T0505,D022,5
T0505,D009,5
T0505,D015,4
T0505,D018,4
T0506,D002,5
T0506,D023,2
T0506,D014,4
T0506,D012,4
T0506,D010,4
T0506,D009,3
T0506,D004,4
T0506,D013,3
T0507,D001,3
T0507,D004,4
T0507,D007,3
T0507,D016,2
T0507,D009,4
T0507,D008,4
T0507,D024,4
T0507,D026,4
T0507,D006,4
T0507,D022,5
T0507,D017,4
T0507,D005,4
T0508,D006,4
T0508,D024,4
T0508,D013,3
T0508,D004,4
T0508,D022,4
T0508,D014,3
T0508,D002,3
T0508,D010,3
T0508,D007,3
T0508,D001,4
T0508,D021,4
T0508,D023,3
T0508,D008,3
T0508,D015,4
T0509,D004,4
T0509,D012,3
T0509,D002,4
T0509,D017,4
T0509,D018,3
T0509,D010,4
T0509,D001,4
T0509,D006,4
T0509,D009,3
T0509,D019,3
T0509,D026,4
T0509,D024,5
T0510,D004,3
T0510,D008,4
T0510,D019,4
T0510,D022,3
T0510,D016,4
T0510,D001,4
T0510,D014,3
T0510,D015,3
T0510,D006,4
T0510,D011,4
T0510,D023,4
T0510,D005,3
T0510,D020,4
T0510,D010,3
T0510,D007,4
T0510,D013,4
T0511,D004,5
T0511,D018,5
T0511,D015,3
T0511,D005,5
T0511,D002,4
T0511,D001,4
T0511,D017,5
T0511,D016,4
T0511,D009,5
T0512,D009,5
T0512,D017,4
T0512,D007,2
T0512,D011,3
T0512,D024,5
T0512,D015,4
T0512,D006,4
T0512,D022,5
T0512,D012,3
T0512,D005,5
T0512,D013,4
T0513,D001,4
T0513,D013,4
T0513,D022,5
T0513,D025,4
T0513,D015,4
T0513,D021,4
T0513,D007,4
T0514,D024,3
T0514,D022,4
T0514,D026,3
T0514,D015,4
T0514,D009,3
T0514,D003,4
T0514,D004,3
T0514,D008,3
T0514,D019,3
T0514,D011,3
T0514,D006,3
T0514,D014,3
T0514,D007,3
T0515,D019,4
T0515,D012,3
T0515,D014,3
T0515,D013,3
T0515,D021,3
T0515,D022,3
T0515,D009,4
T0515,D020,3
T0515,D007,4
T0515,D026,3
T0515,D010,4
T0515,D023,4
T0515,D016,3
T0516,D008,3
T0516,D001,5
T0516,D003,3
T0516,D011,5
T0516,D015,2
T0516,D006,4
T0516,D022,4
T0516,D009,3
T0516,D007,3
T0516,D017,4
T0516,D010,4
T0516,D013,3
T0516,D026,4
T0516,D012,4
T0517,D021,5
T0517,D005,3
T0517,D003,4
T0517,D010,3
T0517,D007,4
T0517,D006,5
T0517,D002,3
T0517,D004,4
T0517,D020,4
T0518,D021,5
T0518,D012,4
T0518,D026,3
T0518,D007,4
T0518,D009,3
T0518,D015,3
T0518,D004,3
T0518,D013,4
T0518,D011,5
T0518,D008,4
T0518,D001,5
T0518,D019,4
T0518,D003,3
T0518,D022,3
T0518,D020,5
T0519,D020,4
T0519,D009,5
T0519,D002,3
T0519,D011,5
T0519,D001,4
T0519,D006,4
T0519,D008,4
T0519,D013,4
T0519,D005,4
T0519,D015,4
T0520,D023,4
T0520,D015,4
T0520,D017,2
T0520,D009,4
T0520,D005,3
T0520,D011,3
T0520,D004,3
T0520,D024,3
T0520,D001,4
T0520,D026,3
T0521,D007,4
T0521,D016,3
T0521,D022,3
T0521,D026,4
T0521,D003,3
T0521,D025,3
T0521,D012,2
T0521,D008,4
T0521,D004,3
T0521,D013,4
T0521,D010,4
T0521,D019,5
T0521,D018,3
T0521,D011,4
T0521,D021,4
T0521,D014,4
T0521,D009,3
T0521,D023,4
T0522,D005,4
T0522,D018,4
T0522,D008,3
T0522,D006,4
T0522,D015,3
T0522,D017,4
T0522,D020,4
T0522,D011,4
T0522,D010,4
T0522,D009,4
T0523,D021,3
T0523,D011,4
T0523,D013,3
T0523,D002,3
T0523,D004,3
T0523,D003,3
T0523,D010,4
T0523,D026,3
T0523,D015,4
T0523,D009,4
T0523,D024,3
T0523,D016,3
T0523,D023,4
T0523,D001,4
T0524,D025,2
T0524,D011,4
T0524,D022,5
T0524,D006,4
T0524,D001,4
T0524,D023,4
T0524,D003,2
T0525,D021,5
T0525,D025,3
T0525,D018,2
T0525,D011,3
T0525,D022,3
T0525,D019,4
T0525,D008,4
T0525,D001,4
T0525,D013,5
T0525,D014,4
T0526,D020,4
T0526,D018,4
T0526,D008,4
T0526,D005,3
T0526,D006,4
T0526,D015,4
T0526,D003,4
T0526,D016,3
T0526,D022,4
T0526,D019,4
T0526,D024,3
T0526,D001,4
T0526,D014,4
T0526,D021,4
T0526,D017,3
T0526,D002,3
T0527,D018,3
T0527,D021,4
T0527,D014,3
T0527,D026,4
T0527,D004,4
T0527,D011,4
T0527,D015,4
T0527,D020,3
T0527,D007,4
T0527,D002,3
T0527,D008,3
T0527,D023,4
T0527,D016,4
T0527,D006,4
T0527,D019,4
T0528,D026,5
T0528,D005,5
T0528,D009,5
T0528,D022,5
T0528,D001,3
T0528,D018,5
T0528,D017,5
T0528,D010,5
T0528,D002,4
T0528,D024,5
T0528,D006,4
T0528,D016,3
T0528,D020,3
T0528,D011,3
T0529,D011,4
T0529,D022,4
T0529,D013,4
T0529,D021,4
T0529,D019,4
T0529,D026,4
T0529,D005,4
T0529,D009,3
T0529,D006,5
T0529,D012,4
T0529,D025,4
T0529,D023,4
T0530,D020,4
T0530,D017,3
T0530,D008,4
T0530,D023,4
T0530,D009,4
T0530,D006,4
T0530,D026,4
T0530,D003,4
T0530,D014,3
T0530,D007,4
T0530,D011,4
T0530,D021,4
T0530,D022,4
T0530,D025,4
T0531,D005,3
T0531,D024,3
T0531,D011,4
T0531,D021,4
T0531,D003,3
T0531,D006,3
T0531,D025,3
T0531,D010,4
T0531,D022,4
T0531,D002,3
T0531,D007,3
T0531,D026,4
T0532,D011,3
T0532,D017,4
T0532,D019,3
T0532,D026,3
T0532,D009,4
T0532,D006,4
T0532,D012,3
T0532,D002,3
T0532,D003,3
T0532,D020,3
T0532,D007,3
T0532,D025,3
T0532,D022,4
T0532,D015,3
T0532,D016,4
T0532,D018,4
T0532,D014,2
T0532,D024,4
T0532,D021,3
T0532,D004,4
T0533,D022,4
T0533,D008,4
T0533,D007,4
T0533,D003,4
T0533,D021,5
T0533,D001,4
T0533,D019,4
T0533,D018,3
T0533,D012,3
T0534,D022,4
T0534,D007,3
T0534,D005,4
T0534,D012,4
T0534,D017,3
T0534,D002,4
T0534,D004,4
T0534,D023,4
T0534,D006,4
T0534,D018,4
T0534,D014,3
T0534,D016,3
T0534,D015,3
T0534,D011,4
T0534,D008,3
T0534,D024,4
T0534,D003,4
T0534,D020,3
T0534,D001,4
T0534,D019,3
T0534,D013,3
T0534,D021,3
T0535,D006,4
T0535,D005,3
T0535,D012,4
T0535,D014,2
T0535,D023,4
T0535,D020,4
T0535,D010,3
T0535,D015,3
T0535,D001,4
T0535,D026,3
T0535,D002,4
T0535,D022,4
T0535,D007,3
T0535,D021,3
T0535,D024,4
T0535,D013,4
T0536,D002,4
T0536,D013,3
T0536,D005,4
T0536,D018,5
T0536,D017,4
T0536,D004,5
T0536,D020,2
T0536,D011,3
T0536,D003,3
T0537,D015,4
T0537,D024,4
T0537,D018,5
T0537,D004,4
T0537,D021,3
T0537,D005,5
T0537,D023,3
T0537,D002,5
T0537,D022,5
T0537,D010,5
T0537,D007,2
T0537,D009,4
T0537,D026,4
T0537,D016,3
T0537,D006,4
T0537,D013,3
T0538,D001,4
T0538,D017,4
T0538,D003,3
T0538,D005,4
T0538,D016,3
T0538,D024,4
T0538,D006,5
T0538,D004,3
T0538,D011,4
T0538,D013,3
T0539,D019,4
T0539,D016,3
T0539,D002,3
T0539,D010,3
T0539,D023,3
T0539,D003,3
T0539,D007,3
T0539,D015,3
T0539,D020,3
T0539,D014,3
T0539,D001,4
T0539,D004,4
T0540,D006,4
T0540,D019,3
T0540,D013,4
T0540,D004,4
T0540,D011,4
T0540,D016,3
T0540,D007,4
T0540,D020,4
T0540,D026,3
T0540,D005,4
T0540,D023,4
T0540,D001,4
T0540,D009,3
T0541,D010,4
T0541,D005,4
T0541,D013,4
T0541,D017,5
T0541,D016,3
T0541,D008,2
T0541,D002,4
T0541,D015,4
T0541,D023,4
T0541,D006,4
T0541,D004,4
T0541,D024,5
T0542,D005,5
T0542,D006,4
T0542,D010,5
T0542,D003,3
T0542,D012,4
T0542,D021,3
T0542,D018,4
T0542,D022,4
T0542,D017,4
T0543,D002,4
T0543,D018,4
T0543,D010,5
T0543,D026,4
T0543,D013,4
T0543,D022,4
T0543,D009,3
T0543,D011,4
T0543,D005,3
T0544,D007,4
T0544,D019,4
T0544,D009,2
T0544,D023,3
T0544,D011,4
T0544,D026,4
T0544,D021,4
T0544,D016,3
T0544,D025,3
T0544,D022,3
T0544,D014,3
T0544,D001,4
T0544,D024,2
T0545,D025,4
T0545,D002,3
T0545,D013,4
T0545,D003,4
T0545,D024,4
T0545,D012,3
T0545,D004,3
T0545,D014,3
T0545,D008,4
T0545,D026,4
T0545,D022,4
T0545,D007,4
T0545,D005,3
T0546,D020,4
T0546,D005,4
T0546,D013,4
T0546,D008,3
T0546,D014,3
T0546,D018,4
T0546,D015,4
T0546,D017,4
T0546,D002,4
T0546,D016,4
T0546,D024,4
T0546,D004,4
T0547,D024,3
T0547,D023,4
T0547,D003,4
T0547,D013,4
T0547,D007,4
T0547,D010,4
T0547,D011,4
T0547,D012,3
T0548,D022,4
T0548,D013,5
T0548,D010,3
T0548,D017,5
T0548,D012,5
T0548,D011,4
T0548,D023,4
T0549,D025,2
T0549,D015,3
T0549,D012,3
T0549,D005,4
T0549,D022,4
T0549,D014,2
T0549,D023,4
T0549,D018,4
T0549,D016,3
T0549,D020,3
T0550,D008,4
T0550,D019,4
T0550,D002,3
T0550,D007,4
T0550,D017,3
T0550,D020,4
T0550,D012,4
T0550,D014,3
T0550,D003,4
T0551,D005,4
T0551,D020,4
T0551,D022,5
T0551,D009,3
T0551,D004,4
T0551,D013,4
T0551,D002,4
T0551,D018,4
T0551,D011,4
T0551,D017,4
T0551,D012,3
T0551,D008,4
T0551,D007,3
T0551,D003,4
T0551,D016,3
T0551,D015,5
T0552,D006,4
T0552,D013,4
T0552,D009,4
T0552,D023,4
T0552,D016,3
T0552,D015,3
T0552,D018,2
T0552,D005,3
T0552,D024,4
T0552,D020,3
T0552,D010,4
T0552,D011,4
T0552,D001,4
T0552,D002,3
T0552,D014,3
T0552,D007,3
T0553,D021,5
T0553,D017,3
T0553,D007,3
T0553,D013,4
T0553,D011,4
T0553,D006,3
T0553,D018,2
T0553,D014,3
T0553,D008,4
T0553,D001,4
T0553,D015,4
T0553,D023,4
T0553,D010,3
T0553,D003,4
T0553,D022,4
T0554,D020,5
T0554,D010,4
T0554,D007,4
T0554,D006,5
T0554,D003,3
T0554,D009,3
T0554,D011,4
T0554,D023,4
T0554,D012,4
T0554,D018,4
T0554,D024,4
T0554,D001,4
T0554,D022,4
T0554,D019,3
T0555,D005,2
T0555,D003,3
T0555,D015,4
T0555,D019,4
T0555,D026,3
T0555,D022,3
T0555,D004,2
T0555,D024,3
T0555,D016,3
T0555,D011,4
T0555,D023,3
T0555,D020,3
T0555,D002,2
T0555,D012,3
T0555,D014,3
T0556,D001,4
T0556,D008,2
T0556,D010,4
T0556,D007,3
T0556,D026,4
T0556,D024,3
T0556,D023,5
T0556,D002,3
T0556,D013,3
T0556,D004,3
T0556,D015,4
T0556,D011,4
T0556,D018,3
T0556,D003,3
T0556,D025,3
T0557,D003,4
T0557,D021,5
T0557,D004,2
T0557,D019,4
T0557,D007,4
T0557,D014,4
T0557,D013,5
T0557,D002,4
T0558,D026,5
T0558,D023,3
T0558,D021,4
T0558,D002,4
T0558,D017,4
T0558,D024,4
T0558,D022,4
T0558,D013,4
T0558,D007,3
T0558,D005,4
T0558,D014,2
T0558,D003,3
T0558,D011,3
T0558,D009,4
T0558,D010,4
T0558,D006,4
T0559,D020,4
T0559,D013,4
T0559,D007,5
T0559,D005,3
T0559,D003,4
T0559,D010,3
T0559,D012,4
T0559,D017,4
T0559,D008,4
T0559,D019,4
T0559,D004,4
T0559,D021,4
T0559,D015,4
T0560,D022,5
T0560,D006,4
T0560,D017,4
T0560,D016,3
T0560,D026,4
T0560,D018,4
T0560,D009,5
T0560,D010,5
T0560,D005,4
T0560,D012,3
T0560,D024,5
T0560,D013,3
T0560,D001,3
T0561,D026,4
T0561,D022,4
T0561,D008,3
T0561,D013,4
T0561,D006,4
T0561,D004,4
T0561,D010,3
T0561,D021,4
T0561,D024,4
T0562,D003,4
T0562,D002,4
T0562,D007,4
T0562,D020,4
T0562,D006,4
T0562,D011,4
T0562,D026,3
T0562,D021,4
T0562,D008,5
T0562,D013,4
T0562,D016,3
T0562,D017,3
T0562,D023,4
T0562,D014,4
T0563,D013,4
T0563,D026,4
T0563,D010,3
T0563,D012,3
T0563,D011,4
T0563,D003,3
T0563,D001,5
T0563,D006,3
T0563,D008,4
T0563,D021,4
T0563,D022,3
T0563,D004,3
T0563,D019,4
T0564,D026,4
T0564,D023,3
T0564,D012,4
T0564,D021,4
T0564,D019,4
T0564,D016,4
T0564,D002,4
T0564,D009,3
T0564,D025,3
T0564,D014,2
T0564,D004,3
T0564,D017,3
T0564,D001,4
T0565,D023,4
T0565,D006,3
T0565,D026,3
T0565,D025,3
T0565,D018,3
T0565,D016,3
T0565,D021,5
T0565,D008,4
T0565,D012,3
T0565,D022,3
T0565,D017,3
T0566,D006,4
T0566,D009,4
T0566,D019,3
T0566,D017,4
T0566,D024,4
T0566,D010,5
T0566,D012,3
T0566,D011,3
T0567,D003,4
T0567,D021,4
T0567,D007,3
T0567,D015,5
T0567,D022,4
T0567,D019,4
T0567,D014,3
T0567,D002,3
T0567,D005,3
T0567,D020,3
T0567,D011,3
T0567,D006,3
T0567,D024,4
T0567,D023,4
T0568,D008,2
T0568,D018,3
T0568,D001,3
T0568,D021,2
T0568,D026,4
T0568,D012,2
T0568,D013,3
T0568,D022,3
T0568,D017,3
T0568,D005,2
T0568,D020,3
T0568,D010,3
T0568,D009,3
T0568,D024,4
T0568,D011,3
T0568,D016,3
T0569,D017,3
T0569,D009,3
T0569,D013,3
T0569,D010,3
T0569,D022,4
T0569,D015,4
T0569,D004,4
T0569,D016,3
T0569,D003,3
T0569,D012,4
T0569,D024,4
T0569,D023,4
T0569,D002,3
T0570,D010,4
T0570,D001,3
T0570,D012,3
T0570,D006,4
T0570,D017,3
T0570,D002,3
T0570,D004,3
T0570,D025,3
T0570,D011,4
T0570,D019,4
T0570,D020,2
T0570,D022,4
T0570,D015,3
T0570,D016,3
T0571,D003,3
T0571,D010,3
T0571,D014,4
T0571,D012,4
T0571,D004,4
T0571,D022,4
T0571,D021,3
T0571,D001,3
T0571,D015,4
T0571,D007,4
T0571,D023,3
T0571,D009,4
T0571,D013,4
T0571,D017,4
T0571,D005,4
T0572,D005,4
T0572,D018,3
T0572,D023,4
T0572,D021,3
T0572,D024,4
T0572,D007,2
T0572,D020,3
T0572,D010,3
T0572,D009,4
T0572,D025,3
T0572,D002,3
T0572,D022,3
T0573,D020,4
T0573,D004,4
T0573,D005,3
T0573,D012,5
T0573,D001,5
T0573,D023,4
T0573,D026,3
T0573,D006,5
T0573,D013,3
T0573,D015,3
T0573,D019,3
T0573,D007,4
T0573,D022,4
T0573,D003,4
T0574,D015,4
T0574,D005,3
T0574,D013,4
T0574,D022,4
T0574,D024,3
T0574,D023,4
T0574,D016,3
T0574,D006,4
T0574,D026,3
T0574,D021,4
T0574,D010,3
T0575,D023,4
T0575,D005,2
T0575,D003,3
T0575,D012,4
T0575,D006,4
T0575,D019,4
T0575,D022,3
T0575,D026,4
T0575,D009,4
T0575,D001,4
T0576,D002,3
T0576,D001,5
T0576,D016,4
T0576,D022,4
T0576,D003,4
T0576,D006,5
T0576,D017,4
T0576,D018,4
T0576,D019,3
T0576,D007,3
T0576,D012,5
T0577,D017,4
T0577,D006,4
T0577,D015,3
T0577,D026,4
T0577,D011,4
T0577,D019,4
T0577,D024,3
T0577,D022,4
T0577,D023,4
T0577,D021,2
T0577,D010,4
T0577,D016,3
T0577,D012,3
T0577,D001,5
T0577,D003,2
T0577,D018,3
T0577,D013,3
T0577,D025,3
T0577,D009,3
T0578,D006,3
T0578,D002,3
T0578,D018,3
T0578,D005,2
T0578,D021,3
T0578,D017,3
T0578,D020,2
T0578,D023,4
T0578,D015,4
T0578,D009,4
T0578,D011,4
T0578,D024,3
T0578,D001,4
T0578,D014,3
T0578,D022,5
T0579,D006,4
T0579,D009,3
T0579,D024,4
T0579,D025,3
T0579,D005,3
T0579,D010,3
T0579,D001,4
T0580,D021,3
T0580,D018,4
T0580,D022,5
T0580,D014,2
T0580,D013,3
T0580,D026,4
T0580,D002,4
T0580,D006,4
T0580,D015,4
T0580,D016,3
T0581,D011,4
T0581,D019,4
T0581,D001,4
T0581,D014,4
T0581,D018,3
T0581,D005,3
T0581,D020,4
T0581,D002,3
T0581,D008,3
T0581,D023,5
T0581,D003,4
T0582,D019,3
T0582,D026,4
T0582,D020,2
T0582,D022,4
T0582,D010,4
T0582,D008,3
T0582,D007,3
T0582,D011,3
T0582,D004,3
T0582,D021,3
T0582,D002,3
T0582,D006,3
T0582,D009,4
T0583,D023,4
T0583,D001,4
T0583,D005,5
T0583,D018,5
T0583,D008,3
T0583,D013,4
T0584,D013,3
T0584,D001,4
T0584,D022,4
T0584,D023,4
T0584,D016,2
T0584,D018,4
T0584,D006,4
T0584,D015,3
T0585,D006,3
T0585,D011,4
T0585,D023,4
T0585,D009,3
T0585,D010,3
T0585,D001,4
T0585,D002,3
T0585,D015,4
T0585,D003,3
T0586,D010,3
T0586,D023,3
T0586,D019,4
T0586,D007,4
T0586,D021,3
T0586,D006,3
T0586,D022,4
T0586,D020,3
T0586,D008,4
T0586,D003,3
T0586,D026,2
T0586,D015,5
T0586,D013,5
T0586,D009,3
T0587,D017,4
T0587,D026,4
T0587,D024,4
T0587,D001,4
T0587,D011,3
T0587,D002,3
T0587,D004,3
T0587,D022,3
T0587,D018,3
T0587,D010,4
T0587,D023,4
T0587,D020,3
T0587,D013,3
T0587,D019,3
T0587,D021,3
T0588,D019,5
T0588,D014,3
T0588,D016,3
T0588,D015,4
T0588,D021,3
T0588,D023,4
T0588,D013,4
T0589,D019,5
T0589,D012,3
T0589,D017,3
T0589,D004,3
T0589,D007,4
T0589,D014,4
T0589,D013,5
T0589,D005,2
T0589,D003,3
T0589,D001,4
T0589,D015,5
T0589,D002,3
T0590,D015,3
T0590,D026,4
T0590,D013,4
T0590,D005,2
T0590,D024,4
T0590,D009,4
T0590,D017,3
T0590,D004,3
T0590,D020,4
T0590,D011,4
T0590,D007,3
T0590,D019,4
T0591,D010,3
T0591,D001,4
T0591,D024,4
T0591,D022,4
T0591,D017,3
T0591,D007,4
T0591,D015,3
T0592,D009,5
T0592,D018,5
T0592,D013,3
T0592,D006,4
T0592,D004,4
T0592,D016,3
T0592,D017,5
T0592,D019,2
T0592,D021,2
T0592,D005,4
T0593,D009,4
T0593,D006,4
T0593,D005,4
T0593,D015,4
T0593,D023,3
T0593,D022,5
T0593,D024,4
T0593,D020,3
T0593,D018,4
T0593,D003,3
T0593,D021,4
T0593,D026,4
T0593,D002,5
T0593,D010,5
T0594,D020,4
T0594,D011,4
T0594,D009,4
T0594,D007,3
T0594,D003,3
T0594,D002,4
T0594,D022,4
T0594,D017,4
T0594,D004,4
T0594,D019,3
T0594,D001,4
T0594,D005,3
T0594,D014,3
T0594,D012,4
T0594,D006,4
T0595,D006,4
T0595,D023,3
T0595,D018,4
T0595,D010,3
T0595,D017,3
T0595,D015,4
T0595,D009,4
T0595,D013,4
T0595,D007,4
T0595,D003,4
T0595,D026,4
T0595,D020,4
T0595,D025,3
T0596,D012,3
T0596,D008,2
T0596,D024,4
T0596,D004,4
T0596,D015,3
T0596,D018,4
T0596,D005,4
T0596,D002,4
T0596,D011,3
T0596,D021,3
T0596,D006,4
T0596,D025,2
T0596,D026,3
T0596,D010,5
T0596,D017,4
T0597,D021,3
T0597,D007,4
T0597,D019,4
T0597,D023,5
T0597,D022,3
T0597,D026,3
T0597,D005,3
T0597,D011,5
T0597,D020,4
T0597,D024,4
T0597,D017,4
T0597,D012,4
T0597,D009,4
T0597,D013,3
T0598,D013,4
T0598,D015,3
T0598,D014,4
T0598,D001,5
T0598,D008,4
T0598,D017,4
T0598,D011,4
T0598,D003,4
T0598,D016,3
T0598,D020,4
T0599,D013,4
T0599,D026,4
T0599,D017,4
T0599,D024,4
T0599,D022,4
T0599,D019,4
T0599,D015,3
T0599,D012,3
T0599,D009,5
T0599,D004,4
T0599,D018,4
T0599,D020,3
T0599,D011,3
T0599,D003,3
T0599,D006,4
T0599,D023,3
T0599,D014,3
T0599,D002,4
T0600,D026,5
T0600,D019,3
T0600,D009,3
T0600,D016,4
T0600,D024,2
T0600,D008,3
T0600,D011,4
T0600,D004,3
T0600,D010,3
T0600,D022,3
T0600,D005,3
T0600,D012,3
T0600,D007,3
T0601,D009,4
T0601,D020,3
T0601,D023,3
T0601,D011,3
T0601,D019,3
T0601,D004,4
T0601,D026,3
T0601,D021,4
T0601,D001,3
T0601,D017,3
T0601,D002,4
T0601,D014,3
T0601,D003,4
T0601,D008,4
T0601,D022,3
T0602,D011,4
T0602,D019,4
T0602,D023,4
T0602,D009,4
T0602,D001,4
T0602,D024,4
T0602,D016,3
T0602,D013,2
T0602,D010,4
T0602,D026,4
T0602,D017,3
T0602,D005,4
T0602,D004,3
T0602,D020,3
T0603,D009,3
T0603,D010,4
T0603,D015,4
T0603,D021,4
T0603,D004,3
T0603,D026,4
T0603,D013,5
T0603,D023,4
T0603,D011,4
T0603,D007,4
T0603,D024,3
T0603,D019,4
T0603,D001,4
T0604,D017,4
T0604,D012,3
T0604,D019,3
T0604,D002,4
T0604,D005,4
T0604,D010,4
T0604,D015,4
T0604,D024,5
T0604,D013,4
T0604,D014,2
T0604,D004,5
T0605,D026,5
T0605,D013,3
T0605,D023,3
T0605,D018,4
T0605,D014,2
T0605,D022,3
T0605,D024,3
T0605,D015,3
T0605,D002,3
T0605,D004,3
T0606,D026,3
T0606,D022,4
T0606,D004,4
T0606,D010,4
T0606,D023,4
T0606,D012,5
T0606,D008,2
T0606,D001,4
T0606,D018,4
T0606,D016,4
T0606,D003,4
T0606,D024,4
T0606,D015,3
T0606,D013,4
T0606,D025,3
T0607,D023,3
T0607,D006,3
T0607,D026,3
T0607,D001,3
T0607,D009,3
T0607,D010,2
T0607,D017,2
T0607,D025,3
T0607,D016,2
T0607,D019,3
T0607,D021,3
T0607,D002,3
T0607,D024,3
T0607,D013,3
T0607,D012,3
T0607,D005,3
T0607,D011,3
T0607,D004,3
T0607,D018,3
T0608,D022,3
T0608,D023,4
T0608,D017,3
T0608,D009,3
T0608,D012,3
T0608,D016,3
T0608,D018,3
T0608,D025,2
T0608,D003,2
T0608,D005,3
T0608,D011,3
T0608,D020,3
T0608,D015,3
T0608,D024,3
T0608,D002,3
T0608,D013,4
T0608,D001,3
T0608,D004,3
T0609,D016,3
T0609,D003,3
T0609,D012,5
T0609,D023,4
T0609,D013,4
T0609,D019,4
T0609,D001,4
T0609,D020,4
T0609,D011,4
T0609,D024,3
T0609,D007,3
T0610,D017,4
T0610,D024,3
T0610,D023,4
T0610,D016,3
T0610,D002,3
T0610,D026,4
T0610,D010,4
T0610,D018,4
T0610,D009,3
T0610,D001,3
T0610,D022,4
T0610,D006,4
T0610,D005,3
T0610,D004,4
T0611,D008,3
T0611,D018,4
T0611,D012,4
T0611,D022,4
T0611,D005,4
T0611,D013,4
T0611,D004,5
T0611,D010,4
T0611,D019,2
T0612,D013,4
T0612,D012,4
T0612,D017,4
T0612,D023,4
T0612,D010,4
T0612,D011,4
T0612,D021,5
T0612,D018,3
T0612,D003,3
T0612,D007,3
T0612,D002,3
T0613,D018,4
T0613,D013,4
T0613,D004,4
T0613,D016,4
T0613,D006,4
T0613,D025,3
T0613,D012,4
T0613,D011,4
T0614,D015,4
T0614,D011,3
T0614,D009,5
T0614,D024,4
T0614,D018,4
T0614,D017,4
T0614,D003,3
T0614,D026,4
T0614,D010,4
T0614,D004,4
T0614,D016,3
T0614,D022,5
T0614,D020,3
T0614,D005,5
T0614,D021,3
T0614,D006,4
T0615,D017,3
T0615,D005,3
T0615,D002,4
T0615,D009,3
T0615,D013,5
T0615,D015,4
T0615,D024,3
T0615,D026,4
T0615,D019,4
T0615,D001,5
T0615,D016,3
T0615,D021,4
T0615,D020,3
T0616,D013,5
T0616,D011,4
T0616,D023,4
T0616,D008,3
T0616,D019,4
T0616,D017,3
T0616,D025,3
T0616,D022,3
T0616,D026,4
T0616,D018,2
T0616,D014,3
T0616,D004,2
T0616,D006,3
T0617,D026,4
T0617,D010,3
T0617,D006,4
T0617,D018,3
T0617,D008,3
T0617,D005,3
T0617,D014,3
T0617,D012,2
T0617,D019,3
T0617,D001,3
T0617,D013,3
T0618,D016,4
T0618,D018,4
T0618,D004,5
T0618,D015,3
T0618,D006,4
T0618,D014,3
T0618,D024,5
T0618,D010,4
T0618,D009,4
T0618,D017,5
T0618,D025,2
T0618,D012,4
T0619,D020,3
T0619,D009,3
T0619,D016,4
T0619,D004,4
T0619,D001,3
T0619,D006,4
T0619,D010,3
T0619,D002,3
T0619,D013,3
T0619,D003,4
T0620,D011,3
T0620,D015,4
T0620,D013,4
T0620,D003,3
T0620,D008,4
T0620,D019,3
T0620,D012,4
T0621,D020,3
T0621,D022,3
T0621,D007,3
T0621,D021,3
T0621,D015,4
T0621,D017,2
T0621,D025,2
T0621,D003,4
T0621,D002,3
T0621,D016,2
T0621,D023,4
T0622,D005,4
T0622,D004,5
T0622,D021,3
T0622,D018,4
T0622,D008,3
T0622,D016,2
T0622,D014,2
T0622,D015,4
T0622,D026,4
T0622,D022,4
T0622,D006,4
T0622,D012,3
T0622,D009,4
T0622,D001,3
T0622,D007,3
T0622,D010,4
T0622,D011,3
T0623,D026,4
T0623,D020,3
T0623,D003,3
T0623,D010,4
T0623,D012,2
T0623,D004,3
T0623,D001,4
T0623,D018,4
T0623,D023,4
T0623,D015,3
T0623,D007,3
T0623,D009,3
T0623,D013,3
T0623,D002,2
T0623,D017,4
T0623,D024,2
T0623,D014,3
T0624,D018,3
T0624,D023,4
T0624,D007,4
T0624,D015,3
T0624,D001,4
T0624,D017,3
T0624,D022,3
T0624,D016,3
T0624,D011,3
T0625,D011,5
T0625,D015,4
T0625,D023,3
T0625,D007,4
T0625,D021,5
T0625,D006,3
T0625,D022,3
T0625,D004,3
T0625,D003,4
T0625,D008,4
T0625,D019,4
T0625,D010,3
T0625,D025,3
T0625,D009,3
T0626,D001,5
T0626,D017,3
T0626,D020,4
T0626,D023,4
T0626,D005,3
T0626,D012,4
T0626,D007,3
T0626,D013,4
T0626,D006,4
T0626,D024,4
T0626,D014,3
T0626,D015,3
T0626,D008,3
T0626,D021,4
T0626,D002,4
T0627,D009,3
T0627,D012,1
T0627,D022,3
T0627,D013,4
T0627,D007,4
T0627,D011,3
T0627,D003,3
T0627,D025,3
T0627,D019,4
T0627,D020,4
T0627,D015,4
T0628,D011,3
T0628,D009,4
T0628,D019,4
T0628,D006,4
T0628,D016,2
T0628,D013,3
T0628,D022,5
T0628,D018,4
T0628,D021,3
T0629,D021,4
T0629,D024,2
T0629,D023,3
T0629,D008,4
T0629,D011,4
T0629,D001,3
T0629,D013,5
T0629,D006,3
T0629,D003,3
T0629,D015,3
T0629,D019,4
T0629,D004,3
T0629,D020,3
T0629,D009,3
T0630,D005,4
T0630,D020,3
T0630,D001,4
T0630,D004,3
T0630,D018,3
T0630,D011,3
T0630,D008,2
T0630,D013,3
T0630,D023,4
T0630,D009,3
T0630,D022,4
T0630,D026,4
T0630,D010,4
T0630,D015,3
T0630,D016,3
T0631,D006,4
T0631,D013,4
T0631,D005,3
T0631,D014,3
T0631,D012,5
T0631,D018,4
T0631,D009,3
T0631,D015,2
T0631,D025,2
T0631,D011,5
T0631,D016,4
T0631,D023,3
T0632,D011,4
T0632,D001,4
T0632,D013,4
T0632,D023,4
T0632,D002,4
T0632,D005,3
T0632,D006,4
T0632,D008,3
T0632,D020,3
T0632,D026,4
T0632,D021,4
T0632,D004,3
T0632,D022,4
T0632,D015,3
T0632,D024,3
T0632,D010,4
T0632,D007,4
T0633,D012,2
T0633,D011,3
T0633,D023,4
T0633,D026,4
T0633,D001,2
T0633,D021,3
T0633,D024,4
T0633,D017,3
T0633,D014,3
T0634,D001,4
T0634,D009,3
T0634,D007,2
T0634,D025,3
T0634,D004,4
T0634,D022,4
T0634,D002,4
T0634,D008,3
T0634,D024,3
T0634,D011,4
T0634,D013,3
T0634,D019,4
T0634,D023,4
T0635,D023,3
T0635,D010,4
T0635,D006,4
T0635,D019,3
T0635,D013,3
T0635,D005,4
T0635,D009,4
T0635,D007,2
T0635,D004,4
T0635,D001,4
T0635,D017,4
T0636,D008,3
T0636,D017,3
T0636,D015,5
T0636,D010,4
T0636,D012,3
T0636,D022,5
T0636,D024,4
T0636,D004,5
T0636,D025,2
T0636,D019,3
T0636,D006,4
T0637,D020,3
T0637,D022,3
T0637,D025,3
T0637,D003,4
T0637,D018,3
T0637,D006,3
T0637,D016,4
T0637,D023,4
T0637,D004,3
T0637,D002,3
T0637,D008,4
T0637,D012,3
T0637,D009,3
T0638,D021,3
T0638,D019,3
T0638,D004,3
T0638,D020,2
T0638,D002,4
T0638,D022,4
T0638,D005,4
T0638,D015,4
T0638,D009,4
T0638,D018,4
T0638,D013,5
T0638,D024,4
T0639,D001,4
T0639,D009,4
T0639,D004,4
T0639,D008,3
T0639,D023,3
T0639,D015,4
T0639,D013,3
T0639,D010,4
T0639,D026,4
T0639,D022,4
T0640,D011,4
T0640,D022,4
T0640,D015,3
T0640,D009,4
T0640,D019,3
T0640,D017,4
T0640,D005,3
T0640,D004,4
T0640,D012,4
T0641,D016,3
T0641,D026,4
T0641,D023,4
T0641,D005,2
T0641,D022,3
T0641,D013,3
T0641,D007,3
T0641,D004,4
T0641,D014,3
T0641,D009,4
T0641,D017,3
T0641,D024,3
T0641,D001,4
T0641,D025,3
T0641,D010,3
T0641,D011,4
T0642,D014,4
T0642,D019,3
T0642,D009,3
T0642,D006,4
T0642,D011,4
T0642,D003,4
T0642,D001,5
T0642,D018,4
T0642,D015,4
T0642,D021,4
T0642,D008,4
T0642,D016,3
T0642,D022,3
T0642,D020,5
T0642,D023,4
T0642,D010,4
T0643,D026,3
T0643,D015,3
T0643,D021,4
T0643,D019,4
T0643,D003,4
T0643,D007,4
T0643,D017,4
T0643,D022,4
T0644,D009,4
T0644,D006,4
T0644,D021,3
T0644,D014,2
T0644,D012,4
T0644,D024,4
T0644,D019,4
T0644,D013,4
T0644,D008,2
T0644,D017,4
T0644,D001,4
T0644,D011,4
T0645,D001,4
T0645,D005,2
T0645,D024,4
T0645,D022,4
T0645,D020,3
T0645,D019,4
T0645,D017,4
T0645,D023,4
T0645,D011,4
T0645,D016,4
T0645,D013,3
T0646,D014,4
T0646,D013,4
T0646,D022,4
T0646,D023,4
T0646,D024,3
T0646,D019,4
T0646,D017,3
T0646,D004,3
T0646,D002,3
T0646,D005,3
T0646,D020,3
T0646,D016,3
T0647,D022,3
T0647,D013,4
T0647,D025,4
T0647,D024,3
T0647,D016,3
T0647,D008,2
T0647,D004,3
T0647,D015,4
T0647,D011,4
T0647,D005,3
T0647,D001,4
T0648,D021,3
T0648,D026,3
T0648,D006,3
T0648,D011,4
T0648,D014,3
T0648,D016,4
T0648,D008,4
T0648,D007,4
T0648,D003,4
T0648,D019,4
T0648,D017,3
T0649,D012,4
T0649,D007,4
T0649,D024,4
T0649,D017,2
T0649,D021,4
T0649,D020,4
T0649,D004,3
T0649,D019,4
T0649,D011,3
T0649,D009,3
T0649,D015,3
T0649,D013,5
T0649,D010,3
T0649,D014,4
T0649,D001,3
T0649,D016,3
T0649,D003,3
T0650,D011,4
T0650,D022,3
T0650,D002,3
T0650,D010,4
T0650,D003,3
T0650,D001,3
T0650,D026,3
T0650,D012,3
T0650,D007,3
T0650,D023,4
T0650,D017,3
T0650,D013,2
T0650,D019,2
T0651,D016,4
T0651,D024,3
T0651,D004,4
T0651,D019,4
T0651,D001,3
T0651,D011,5
T0651,D002,3
T0651,D021,4
T0651,D005,3
T0651,D026,4
T0651,D010,3
T0652,D003,5
T0652,D008,4
T0652,D009,4
T0652,D022,3
T0652,D010,4
T0652,D015,4
T0652,D019,4
T0652,D021,4
T0652,D011,3
T0652,D020,4
T0653,D012,4
T0653,D006,4
T0653,D009,3
T0653,D010,3
T0653,D026,4
T0653,D013,4
T0653,D002,4
T0654,D002,3
T0654,D006,4
T0654,D008,4
T0654,D021,4
T0654,D007,4
T0654,D024,3
T0654,D015,4
T0654,D003,4
T0654,D026,4
T0654,D022,4
T0654,D019,5
T0654,D013,4
T0654,D001,4
T0655,D020,3
T0655,D004,2
T0655,D008,3
T0655,D026,4
T0655,D009,4
T0655,D022,3
T0655,D019,2
T0655,D023,4
T0655,D002,3
T0655,D018,3
T0655,D015,3
T0655,D010,3
T0655,D021,4
T0656,D018,3
T0656,D016,3
T0656,D009,3
T0656,D008,3
T0656,D021,3
T0656,D026,4
T0656,D011,2
T0656,D003,4
T0656,D007,3
T0656,D002,2
T0656,D015,4
T0657,D018,4
T0657,D015,5
T0657,D022,5
T0657,D007,3
T0657,D005,4
T0657,D003,3
T0657,D002,5
T0657,D024,4
T0657,D010,4
T0657,D013,3
T0657,D008,3
T0657,D009,4
T0657,D006,4
T0657,D026,4
T0657,D004,4
T0658,D014,3
T0658,D020,4
T0658,D019,5
T0658,D002,3
T0658,D005,4
T0658,D003,3
T0658,D015,3
T0658,D023,4
T0658,D018,3
T0658,D001,4
T0658,D010,3
T0659,D023,4
T0659,D010,4
T0659,D018,4
T0659,D026,5
T0659,D006,3
T0659,D019,2
T0659,D009,4
T0659,D015,3
T0659,D022,3
T0660,D005,4
T0660,D023,3
T0660,D010,4
T0660,D018,5
T0660,D002,3
T0660,D017,4
T0660,D011,3
T0660,D024,3
T0660,D006,3
T0660,D016,3
T0660,D004,4
T0660,D013,3
T0660,D021,3
T0660,D009,4
T0660,D012,3
T0661,D018,3
T0661,D022,3
T0661,D019,4
T0661,D013,5
T0661,D001,5
T0661,D010,3
T0661,D008,4
T0661,D007,5
T0661,D021,4
T0661,D017,3
T0661,D006,4
T0661,D023,4
T0661,D012,4
T0661,D026,3
T0661,D020,4
T0661,D014,4
T0662,D009,4
T0662,D010,3
T0662,D022,4
T0662,D026,4
T0662,D004,4
T0662,D001,3
T0662,D023,3
T0662,D015,2
T0662,D018,3
T0662,D020,3
T0662,D024,4
T0662,D013,2
T0662,D005,3
T0662,D007,2
T0663,D010,4
T0663,D005,5
T0663,D009,4
T0663,D013,4
T0663,D022,5
T0663,D017,4
T0663,D021,3
T0663,D024,4
T0663,D002,5
T0663,D006,4
T0664,D014,3
T0664,D007,4
T0664,D016,3
T0664,D001,5
T0664,D025,4
T0664,D021,4
T0664,D004,3
T0664,D006,4
T0665,D001,4
T0665,D026,3
T0665,D023,3
T0665,D017,3
T0665,D009,4
T0665,D019,3
T0665,D008,2
T0665,D010,3
T0665,D002,3
T0665,D025,4
T0666,D006,5
T0666,D002,5
T0666,D009,4
T0666,D024,5
T0666,D005,4
T0666,D015,4
T0666,D011,3
T0666,D012,2
T0666,D018,5
T0666,D016,3
T0666,D004,5
T0666,D013,4
T0666,D014,2
T0666,D022,4
T0666,D017,4
T0667,D001,4
T0667,D023,4
T0667,D013,4
T0667,D011,3
T0667,D015,4
T0667,D010,3
T0667,D007,4
T0667,D006,3
T0667,D020,4
T0667,D004,3
T0667,D026,4
T0667,D019,4
T0668,D004,4
T0668,D006,5
T0668,D016,4
T0668,D025,4
T0668,D002,4
T0668,D007,3
T0668,D010,3
T0668,D008,3
T0668,D020,3
T0668,D012,4
T0669,D018,3
T0669,D010,3
T0669,D015,3
T0669,D003,2
T0669,D017,3
T0669,D021,3
T0669,D013,3
T0669,D002,3
T0669,D006,3
T0669,D004,3
T0669,D008,2
T0669,D014,4
T0670,D026,4
T0670,D005,4
T0670,D016,3
T0670,D019,3
T0670,D014,2
T0670,D004,3
T0670,D009,3
T0670,D010,3
T0670,D003,3
T0670,D006,4
T0670,D002,3
T0670,D024,3
T0670,D022,4
T0671,D014,2
T0671,D024,3
T0671,D023,4
T0671,D010,4
T0671,D012,4
T0671,D011,4
T0671,D026,4
T0671,D003,4
T0671,D015,4
T0671,D022,4
T0671,D013,2
T0671,D006,4
T0671,D020,3
T0671,D017,3
T0671,D005,3
T0672,D002,3
T0672,D013,4
T0672,D005,3
T0672,D024,4
T0672,D016,3
T0672,D010,4
T0672,D019,4
T0672,D007,4
T0672,D006,4
T0672,D025,2
T0672,D011,4
T0672,D001,4
T0673,D009,3
T0673,D004,4
T0673,D026,3
T0673,D008,3
T0673,D013,4
T0673,D003,3
T0673,D002,3
T0673,D014,2
T0673,D005,4
T0673,D018,4
T0673,D022,4
T0673,D025,3
T0674,D008,3
T0674,D014,4
T0674,D019,4
T0674,D003,3
T0674,D007,3
T0674,D015,4
T0674,D001,4
T0674,D021,4
T0674,D013,5
T0674,D016,2
T0674,D012,3
T0674,D006,3
T0674,D022,5
T0674,D020,3
T0674,D005,4
T0675,D006,3
T0675,D017,4
T0675,D010,4
T0675,D005,3
T0675,D004,3
T0675,D007,2
T0675,D001,4
T0675,D018,4
T0675,D026,4
T0675,D023,3
T0675,D012,3
T0675,D009,4
T0675,D024,4
T0676,D014,3
T0676,D024,3
T0676,D013,4
T0676,D019,4
T0676,D026,3
T0676,D017,3
T0676,D005,3
T0676,D016,3
T0676,D025,3
T0676,D001,4
T0676,D011,3
T0677,D021,3
T0677,D022,3
T0677,D015,4
T0677,D006,4
T0677,D011,3
T0677,D017,3
T0677,D019,4
T0677,D016,3
T0677,D002,4
T0677,D001,4
T0677,D010,4
T0677,D013,3
T0677,D007,3
T0677,D008,4
T0678,D009,3
T0678,D005,3
T0678,D006,4
T0678,D007,4
T0678,D012,3
T0678,D014,3
T0678,D024,4
T0678,D010,4
T0678,D019,4
T0678,D023,3
T0678,D018,3
T0679,D019,4
T0679,D013,5
T0679,D021,5
T0679,D001,4
T0679,D009,3
T0679,D022,4
T0679,D016,2
T0679,D024,3
T0679,D007,3
T0679,D010,3
T0679,D006,3
T0679,D026,4
T0679,D011,3
T0680,D026,4
T0680,D012,2
T0680,D001,4
T0680,D011,3
T0680,D013,4
T0680,D015,4
T0680,D005,3
T0680,D022,4
T0680,D021,4
T0681,D020,4
T0681,D005,4
T0681,D007,3
T0681,D004,3
T0681,D012,3
T0681,D018,4
T0681,D009,3
T0681,D021,4
T0681,D022,4
T0681,D026,4
T0681,D002,4
T0681,D001,4
T0681,D024,4
T0681,D017,4
T0682,D007,3
T0682,D011,3
T0682,D018,5
T0682,D017,4
T0682,D005,4
T0682,D003,3
T0682,D006,4
T0682,D020,3
T0682,D026,4
T0682,D010,4
T0682,D024,5
T0683,D009,3
T0683,D017,4
T0683,D010,4
T0683,D026,4
T0683,D002,3
T0683,D001,2
T0683,D005,3
T0683,D006,3
T0683,D014,2
T0683,D018,4
T0684,D013,4
T0684,D005,3
T0684,D006,3
T0684,D011,4
T0684,D026,3
T0684,D010,3
T0684,D002,2
T0684,D001,4
T0684,D021,4
T0684,D015,4
T0684,D022,2
T0684,D016,3
T0684,D007,4
T0684,D024,3
T0684,D012,3
T0685,D013,3
T0685,D019,4
T0685,D022,3
T0685,D024,2
T0685,D017,3
T0685,D014,3
T0685,D026,3
T0685,D016,3
T0685,D015,3
T0685,D023,3
T0685,D025,2
T0685,D009,3
T0686,D002,3
T0686,D016,3
T0686,D022,4
T0686,D026,3
T0686,D003,3
T0686,D004,4
T0686,D017,5
T0686,D023,4
T0686,D001,4
T0686,D024,5
T0686,D010,4
T0686,D018,3
T0686,D019,3
T0686,D011,4
T0686,D012,4
T0686,D021,3
T0687,D015,4
T0687,D009,3
T0687,D001,4
T0687,D010,3
T0687,D025,2
T0687,D022,4
T0687,D023,3
T0687,D026,4
T0687,D012,4
T0687,D004,4
T0687,D021,3
T0687,D019,4
T0687,D002,4
T0688,D023,3
T0688,D018,2
T0688,D003,3
T0688,D020,3
T0688,D026,4
T0688,D019,4
T0688,D021,5
T0688,D008,4
T0688,D007,4
T0688,D013,4
T0688,D015,5
T0688,D017,3
T0689,D017,4
T0689,D009,4
T0689,D026,5
T0689,D006,3
T0689,D012,3
T0689,D003,3
T0689,D021,3
T0689,D024,4
T0689,D023,4
T0689,D002,2
T0689,D001,4
T0689,D013,3
T0689,D010,3
T0689,D007,3
T0689,D020,3
T0690,D015,4
T0690,D022,4
T0690,D010,5
T0690,D018,4
T0690,D001,3
T0690,D026,5
T0691,D002,4
T0691,D019,3
T0691,D013,4
T0691,D004,4
T0691,D010,3
T0691,D021,3
T0691,D012,4
T0691,D005,4
T0691,D001,4
T0691,D023,4
T0692,D018,4
T0692,D009,3
T0692,D006,4
T0692,D016,3
T0692,D004,4
T0692,D025,3
T0692,D012,4
T0692,D017,4
T0692,D010,4
T0692,D001,4
T0692,D003,4
T0693,D026,4
T0693,D009,3
T0693,D020,4
T0693,D019,3
T0693,D012,4
T0693,D006,3
T0693,D016,3
T0693,D001,4
T0693,D008,3
T0693,D011,5
T0693,D014,2
T0694,D022,3
T0694,D012,3
T0694,D013,3
T0694,D025,3
T0694,D018,3
T0694,D021,4
T0694,D008,3
T0694,D002,3
T0695,D026,3
T0695,D019,3
T0695,D010,3
T0695,D009,4
T0695,D021,4
T0695,D003,3
T0695,D024,4
T0695,D018,2
T0695,D015,4
T0695,D023,3
T0695,D012,3
T0695,D001,4
T0695,D022,3
T0695,D006,3
T0695,D002,3
T0695,D025,3
T0695,D020,3
T0696,D019,4
T0696,D013,4
T0696,D008,3
T0696,D002,3
T0696,D001,5
T0696,D021,4
T0696,D016,3
T0696,D010,4
T0696,D017,2
T0696,D015,3
T0696,D022,3
T0696,D009,4
T0696,D018,3
T0696,D003,4
T0696,D024,3
T0697,D004,4
T0697,D010,3
T0697,D026,4
T0697,D020,3
T0697,D021,3
T0697,D003,3
T0697,D024,2
T0697,D017,2
T0697,D022,4
T0697,D011,3
T0697,D015,3
T0697,D013,4
T0697,D012,3
T0697,D001,3
T0697,D005,3
T0697,D014,3
T0698,D023,4
T0698,D012,4
T0698,D006,4
T0698,D004,2
T0698,D008,3
T0698,D001,4
T0698,D022,3
T0698,D010,3
T0699,D007,3
T0699,D023,3
T0699,D001,3
T0699,D016,3
T0699,D022,4
T0699,D015,5
T0699,D024,4
T0699,D010,4
T0699,D019,3
T0699,D018,4
T0699,D002,5
T0699,D009,5
T0700,D008,3
T0700,D020,4
T0700,D016,5
T0700,D018,4
T0700,D022,4
T0700,D017,4
T0700,D012,4
T0700,D023,4
T0700,D003,3
T0700,D011,5
T0701,D017,5
T0701,D006,4
T0701,D014,3
T0701,D002,5
T0701,D024,4
T0701,D018,5
T0701,D013,4
T0701,D004,5
T0701,D022,4
T0701,D005,4
T0701,D010,4
T0701,D015,4
T0702,D006,4
T0702,D015,4
T0702,D009,4
T0702,D024,5
T0702,D019,4
T0702,D010,5
T0702,D013,3
T0702,D005,3
T0702,D004,3
T0702,D017,4
T0702,D001,3
T0703,D010,5
T0703,D018,4
T0703,D009,4
T0703,D003,2
T0703,D012,3
T0703,D001,3
T0704,D013,4
T0704,D009,4
T0704,D008,3
T0704,D020,3
T0704,D002,4
T0704,D017,4
T0704,D006,3
T0704,D010,3
T0704,D026,4
T0705,D008,4
T0705,D002,2
T0705,D022,4
T0705,D004,3
T0705,D019,3
T0705,D003,3
T0705,D014,4
T0705,D013,4
T0705,D007,3
T0705,D001,4
T0705,D016,2
T0705,D023,4
T0705,D017,2
T0706,D025,2
T0706,D014,3
T0706,D022,4
T0706,D024,4
T0706,D010,3
T0706,D012,3
T0706,D017,3
T0706,D009,4
T0706,D023,3
T0707,D003,4
T0707,D011,4
T0707,D001,4
T0707,D019,4
T0707,D007,4
T0707,D020,4
T0707,D006,4
T0707,D010,3
T0707,D026,3
T0707,D008,4
T0707,D025,4
T0708,D022,4
T0708,D026,4
T0708,D018,4
T0708,D012,3
T0708,D001,4
T0708,D017,4
T0708,D005,5
T0708,D015,3
T0708,D010,4
T0709,D008,3
T0709,D001,3
T0709,D019,4
T0709,D016,4
T0709,D011,3
T0709,D021,4
T0709,D014,3
T0709,D017,3
T0709,D007,3
T0709,D024,2
T0709,D023,4
T0709,D003,4
T0710,D001,3
T0710,D004,3
T0710,D012,2
T0710,D013,3
T0710,D009,3
T0710,D010,3
T0710,D017,3
T0710,D026,3
T0710,D002,4
T0710,D011,3
T0710,D005,4
T0710,D006,3
T0710,D015,4
T0710,D025,2
T0710,D024,4
T0710,D023,3
T0711,D020,3
T0711,D004,4
T0711,D024,5
T0711,D017,3
T0711,D011,3
T0711,D015,3
T0711,D022,5
T0711,D013,4
T0711,D009,4
T0711,D014,3
T0711,D006,4
T0711,D026,5
T0711,D001,4
T0711,D023,4
T0712,D016,3
T0712,D010,5
T0712,D009,5
T0712,D023,3
T0712,D005,4
T0712,D002,4
T0712,D026,4
T0712,D001,4
T0712,D024,5
T0712,D013,3
T0712,D015,4
T0712,D004,5
T0713,D015,4
T0713,D025,3
T0713,D026,4
T0713,D016,3
T0713,D020,4
T0713,D008,4
T0713,D007,4
T0713,D012,4
T0713,D011,4
T0713,D010,3
T0713,D002,3
T0713,D003,3
T0713,D021,4
T0713,D017,3
T0713,D001,5
T0713,D018,3
T0713,D006,3
T0714,D015,4
T0714,D003,4
T0714,D007,4
T0714,D008,3
T0714,D012,3
T0714,D020,2
T0714,D019,4
T0714,D005,3
T0714,D021,5
T0714,D010,3
T0714,D002,3
T0715,D008,4
T0715,D018,3
T0715,D015,4
T0715,D011,3
T0715,D007,4
T0715,D022,3
T0715,D009,4
T0715,D026,3
T0715,D020,4
T0715,D005,3
T0715,D024,3
T0715,D001,4
T0715,D014,3
T0715,D002,4
T0716,D018,5
T0716,D022,5
T0716,D002,5
T0716,D005,5
T0716,D020,3
T0716,D017,4
T0716,D007,2
T0716,D009,4
T0716,D013,4
T0716,D024,5
T0716,D015,4
T0717,D007,4
T0717,D011,4
T0717,D003,4
T0717,D019,5
T0717,D020,3
T0717,D001,5
T0717,D017,4
T0717,D002,3
T0718,D018,5
T0718,D021,3
T0718,D015,5
T0718,D010,3
T0718,D001,4
T0718,D022,5
T0718,D009,4
T0718,D002,5
T0718,D024,4
T0718,D026,4
T0719,D026,4
T0719,D004,4
T0719,D011,3
T0719,D021,3
T0719,D007,3
T0719,D008,3
T0719,D024,4
T0719,D006,4
T0719,D017,4
T0719,D022,4
T0719,D023,3
T0720,D009,4
T0720,D001,4
T0720,D020,3
T0720,D013,4
T0720,D026,3
T0720,D023,3
T0720,D006,4
T0720,D019,4
T0720,D021,4
T0720,D012,3
T0720,D015,4
T0720,D007,4
T0720,D003,4
T0720,D018,3
T0720,D024,4
T0720,D002,3
T0720,D022,4
T0721,D021,4
T0721,D006,4
T0721,D004,4
T0721,D013,5
T0721,D019,5
T0721,D007,3
T0721,D009,3
T0721,D008,4
T0721,D001,4
T0721,D010,3
T0721,D014,4
T0721,D024,3
T0721,D015,4
T0721,D012,3
T0722,D003,3
T0722,D013,3
T0722,D015,3
T0722,D022,3
T0722,D007,3
T0722,D024,3
T0722,D016,3
T0722,D018,4
T0722,D004,4
T0722,D006,3
T0723,D025,3
T0723,D026,4
T0723,D016,4
T0723,D014,3
T0723,D009,3
T0723,D015,4
T0723,D022,4
T0723,D004,5
T0723,D010,4
T0723,D001,4
T0724,D009,5
T0724,D015,4
T0724,D002,4
T0724,D004,4
T0724,D019,3
T0724,D010,4
T0724,D011,3
T0724,D021,3
T0724,D020,3
T0724,D024,5
T0724,D008,3
T0725,D026,4
T0725,D007,3
T0725,D019,3
T0725,D017,3
T0725,D006,3
T0725,D024,3
T0725,D014,3
T0725,D011,4
T0725,D016,3
T0725,D020,3
T0725,D021,3
T0725,D022,3
T0726,D023,4
T0726,D011,4
T0726,D007,4
T0726,D017,2
T0726,D018,3
T0726,D012,3
T0726,D022,3
T0726,D013,4
T0726,D005,3
T0726,D014,2
T0726,D019,4
T0726,D015,4
T0726,D016,3
T0727,D018,4
T0727,D001,4
T0727,D015,3
T0727,D014,2
T0727,D021,3
T0727,D023,4
T0727,D013,3
T0727,D008,4
T0727,D019,3
T0727,D007,4
T0727,D006,3
T0728,D019,4
T0728,D023,3
T0728,D015,4
T0728,D013,4
T0728,D022,3
T0728,D007,5
T0728,D009,3
T0729,D005,2
T0729,D026,5
T0729,D004,4
T0729,D023,4
T0729,D010,4
T0729,D007,2
T0729,D002,3
T0729,D015,3
T0729,D017,3
T0729,D003,3
T0729,D001,3
T0730,D002,4
T0730,D015,4
T0730,D026,4
T0730,D020,3
T0730,D016,4
T0730,D001,4
T0730,D004,4
T0730,D012,3
T0730,D021,3
T0730,D018,4
T0730,D010,3
T0730,D013,4
T0731,D003,3
T0731,D009,3
T0731,D011,3
T0731,D026,4
T0731,D013,4
T0731,D015,3
T0731,D005,3
T0731,D006,3
T0731,D020,3
T0731,D002,4
T0731,D014,3
T0731,D007,3
T0731,D022,3
T0731,D001,3
T0731,D025,3
T0732,D008,3
T0732,D022,4
T0732,D019,4
T0732,D016,2
T0732,D001,4
T0732,D006,4
T0732,D021,4
T0732,D009,3
T0732,D012,3
T0732,D002,4
T0732,D015,4
T0732,D020,4
T0732,D014,3
T0732,D005,4
T0733,D003,4
T0733,D010,2
T0733,D011,4
T0733,D020,4
T0733,D022,3
T0733,D006,3
T0733,D013,4
T0733,D012,3
T0733,D015,4
T0733,D007,4
T0733,D024,3
T0733,D014,4
T0734,D013,4
T0734,D008,4
T0734,D003,4
T0734,D024,4
T0734,D004,2
T0734,D009,3
T0734,D006,3
T0734,D002,3
T0734,D001,4
T0734,D011,4
T0734,D021,5
T0735,D021,4
T0735,D004,2
T0735,D012,3
T0735,D013,4
T0735,D008,5
T0735,D014,3
T0735,D026,4
T0735,D023,4
T0735,D002,3
T0735,D019,4
T0735,D015,3
T0735,D005,3
T0735,D022,3
T0735,D007,4
T0735,D010,3
T0735,D025,3
T0735,D018,3
T0736,D010,3
T0736,D006,4
T0736,D009,4
T0736,D022,4
T0736,D004,4
T0736,D024,3
T0736,D002,3
T0736,D026,4
T0736,D005,3
T0736,D015,3
T0736,D017,3
T0736,D014,2
T0736,D007,2
T0736,D018,4
T0737,D003,3
T0737,D026,3
T0737,D002,2
T0737,D025,2
T0737,D012,3
T0737,D022,3
T0737,D010,3
T0737,D005,2
T0737,D007,3
T0737,D009,3
T0738,D024,4
T0738,D005,4
T0738,D018,3
T0738,D011,4
T0738,D002,4
T0738,D022,3
T0738,D019,3
T0738,D020,4
T0738,D012,3
T0738,D010,3
T0738,D009,4
T0739,D012,4
T0739,D025,3
T0739,D001,4
T0739,D021,4
T0739,D007,3
T0739,D015,3
T0739,D017,4
T0739,D019,4
T0739,D006,3
T0739,D009,3
T0739,D008,4
T0740,D022,5
T0740,D024,5
T0740,D009,4
T0740,D006,4
T0740,D005,5
T0740,D017,3
T0740,D013,3
T0740,D015,4
T0740,D002,4
T0740,D010,5
T0741,D019,4
T0741,D009,4
T0741,D005,4
T0741,D021,4
T0741,D026,4
T0741,D006,4
T0741,D011,3
T0741,D008,3
T0741,D023,4
T0741,D003,3
T0741,D018,4
T0741,D024,4
T0742,D023,4
T0742,D003,4
T0742,D019,4
T0742,D012,3
T0742,D013,5
T0742,D009,4
T0742,D006,4
T0742,D014,4
T0743,D020,3
T0743,D011,5
T0743,D012,4
T0743,D018,4
T0743,D023,4
T0743,D017,4
T0743,D006,5
T0743,D016,4
T0743,D013,3
T0743,D005,3
T0743,D001,4
T0743,D004,3
T0743,D015,3
T0744,D005,4
T0744,D009,5
T0744,D024,4
T0744,D018,4
T0744,D017,3
T0744,D011,3
T0744,D015,4
T0744,D004,3
T0744,D023,4
T0744,D019,3
T0744,D022,4
T0744,D016,3
T0744,D001,4
T0744,D002,3
T0744,D026,4
T0744,D008,3
T0744,D025,3
T0744,D010,4
T0745,D001,4
T0745,D015,3
T0745,D023,4
T0745,D009,4
T0745,D011,5
T0745,D004,5
T0745,D022,5
T0745,D005,4
T0745,D021,3
T0745,D006,4
T0745,D010,5
T0745,D017,4
T0745,D026,4
T0745,D013,4
T0745,D020,3
T0746,D025,3
T0746,D018,3
T0746,D006,4
T0746,D011,4
T0746,D015,3
T0746,D019,3
T0746,D013,3
T0746,D009,3
T0746,D003,3
T0746,D026,4
T0746,D023,4
T0747,D022,4
T0747,D001,4
T0747,D024,5
T0747,D009,5
T0747,D020,3
T0747,D003,2
T0747,D011,4
T0747,D023,3
T0747,D012,2
T0747,D010,4
T0747,D004,4
T0748,D002,5
T0748,D014,4
T0748,D021,4
T0748,D006,4
T0748,D025,3
T0748,D013,5
T0748,D010,3
T0748,D011,3
T0748,D020,5
T0748,D019,4
T0748,D003,3
T0748,D018,4
T0748,D017,4
T0748,D004,4
T0748,D016,4
T0749,D012,3
T0749,D003,3
T0749,D026,4
T0749,D006,3
T0749,D025,3
T0749,D019,3
T0749,D015,3
T0749,D007,3
T0749,D023,4
T0750,D019,3
T0750,D001,3
T0750,D005,4
T0750,D022,5
T0750,D002,4
T0750,D010,4
T0750,D013,3
T0750,D006,4
T0750,D024,5
T0750,D004,4
T0750,D008,3
T0750,D018,5
T0751,D007,3
T0751,D012,2
T0751,D001,4
T0751,D003,4
T0751,D026,2
T0751,D002,3
T0751,D013,4
T0751,D004,2
T0751,D006,3
T0751,D008,2
T0751,D015,4
T0752,D023,3
T0752,D010,3
T0752,D004,3
T0752,D002,4
T0752,D021,4
T0752,D022,3
T0752,D013,4
T0752,D005,3
T0752,D019,3
T0752,D008,3
T0753,D006,4
T0753,D009,4
T0753,D016,3
T0753,D004,4
T0753,D008,2
T0753,D021,3
T0753,D024,5
T0753,D010,5
T0753,D019,3
T0753,D017,4
T0753,D022,5
T0753,D026,4
T0754,D017,4
T0754,D025,3
T0754,D009,3
T0754,D007,2
T0754,D024,3
T0754,D011,3
T0754,D002,3
T0754,D026,4
T0754,D014,2
T0754,D023,3
T0754,D016,3
T0754,D008,3
T0754,D004,4
T0754,D013,3
T0755,D006,4
T0755,D001,4
T0755,D013,4
T0755,D022,4
T0755,D007,3
T0755,D008,3
T0755,D024,4
T0755,D010,4
T0755,D025,4
T0755,D017,2
T0755,D012,3
T0755,D020,4
T0755,D023,3
T0755,D004,4
T0755,D002,4
T0755,D018,3
T0755,D011,4
T0755,D015,4
T0755,D016,3
T0755,D005,4
T0756,D022,3
T0756,D026,4
T0756,D004,3
T0756,D007,3
T0756,D020,3
T0756,D003,3
T0757,D010,4
T0757,D024,3
T0757,D004,3
T0757,D009,3
T0757,D018,3
T0757,D022,4
T0757,D008,2
T0757,D013,3
T0757,D016,3
T0757,D017,4
T0757,D026,4
T0758,D015,4
T0758,D001,4
T0758,D008,3
T0758,D019,3
T0758,D011,4
T0758,D009,3
T0758,D010,3
T0758,D013,4
T0758,D023,4
T0758,D012,4
T0758,D007,4
T0759,D013,5
T0759,D010,3
T0759,D020,4
T0759,D016,3
T0759,D009,3
T0759,D021,5
T0759,D012,3
T0759,D001,4
T0759,D008,4
T0759,D019,4
T0759,D026,3
T0759,D007,4
T0759,D003,4
T0759,D015,4
T0759,D011,3
T0759,D023,4
T0760,D001,4
T0760,D018,3
T0760,D026,3
T0760,D022,4
T0760,D011,4
T0760,D025,3
T0760,D002,3
T0760,D006,4
T0760,D008,3
T0760,D024,4
T0761,D020,4
T0761,D013,4
T0761,D016,4
T0761,D024,3
T0761,D006,4
T0761,D004,4
T0762,D013,3
T0762,D023,3
T0762,D002,4
T0762,D004,5
T0762,D022,5
T0762,D021,3
T0762,D003,3
T0762,D011,4
T0762,D001,4
T0762,D024,4
T0762,D018,4
T0762,D015,4
T0762,D009,4
T0762,D005,4
T0762,D017,5
T0762,D012,3
T0763,D013,3
T0763,D026,5
T0763,D004,3
T0763,D010,4
T0763,D018,4
T0763,D015,3
T0763,D009,4
T0763,D003,3
T0763,D001,4
T0763,D020,2
T0763,D023,4
T0763,D025,2
T0763,D019,2
T0763,D017,4
T0763,D005,3
T0763,D014,3
T0763,D002,3
T0763,D024,3
T0763,D006,3
T0764,D011,4
T0764,D005,3
T0764,D007,3
T0764,D010,3
T0764,D003,3
T0764,D021,4
T0764,D006,4
T0765,D004,4
T0765,D017,3
T0765,D011,3
T0765,D001,3
T0765,D015,3
T0765,D008,3
T0765,D021,3
T0765,D018,4
T0765,D026,4
T0765,D014,2
T0765,D019,3
T0766,D009,4
T0766,D019,4
T0766,D010,4
T0766,D001,4
T0766,D023,4
T0766,D013,3
T0766,D011,5
T0766,D004,3
T0766,D026,4
T0766,D006,4
T0766,D012,4
T0766,D024,4
T0766,D015,3
T0766,D003,3
T0767,D010,4
T0767,D022,4
T0767,D017,3
T0767,D008,4
T0767,D025,3
T0767,D020,3
T0767,D002,2
T0767,D011,3
T0767,D021,3
T0767,D006,4
T0767,D003,4
T0768,D007,2
T0768,D022,4
T0768,D002,3
T0768,D011,4
T0768,D017,3
T0768,D010,4
T0768,D001,3
T0768,D013,2
T0768,D024,4
T0768,D019,4
T0768,D009,4
T0768,D018,3
T0769,D024,5
T0769,D010,5
T0769,D018,5
T0769,D009,5
T0769,D026,5
T0769,D019,3
T0769,D002,3
T0769,D005,5
T0769,D022,4
T0769,D006,3
T0769,D017,4
T0769,D021,3
T0769,D016,4
T0769,D025,2
T0769,D003,2
T0769,D023,3
T0769,D007,2
T0769,D020,3
T0769,D004,5
T0770,D019,3
T0770,D021,4
T0770,D005,4
T0770,D016,3
T0770,D017,3
T0770,D020,3
T0770,D018,4
T0770,D026,4
T0770,D002,4
T0770,D003,3
T0771,D021,3
T0771,D001,4
T0771,D006,3
T0771,D003,3
T0771,D022,4
T0771,D007,2
T0771,D005,2
T0771,D020,3
T0771,D002,2
T0772,D005,3
T0772,D021,4
T0772,D024,4
T0772,D020,4
T0772,D007,4
T0772,D010,3
T0772,D009,3
T0772,D001,4
T0772,D006,4
T0772,D008,4
T0772,D011,3
T0772,D019,3
T0772,D002,5
T0773,D020,4
T0773,D017,4
T0773,D013,4
T0773,D010,3
T0773,D024,4
T0773,D005,4
T0773,D007,4
T0773,D026,4
T0773,D003,4
T0773,D006,3
T0773,D008,4
T0774,D005,4
T0774,D024,4
T0774,D015,4
T0774,D001,3
T0774,D022,4
T0774,D004,4
T0774,D002,4
T0774,D023,3
T0774,D008,2
T0774,D026,5
T0774,D025,2
T0774,D009,4
T0774,D006,4
T0774,D012,3
T0774,D011,3
T0775,D015,4
T0775,D006,2
T0775,D002,3
T0775,D018,5
T0775,D009,4
T0775,D017,3
T0775,D005,2
T0775,D019,2
T0775,D007,2
T0775,D022,4
T0775,D004,4
T0775,D010,4
T0775,D023,3
T0775,D024,3
T0775,D021,3
T0776,D023,3
T0776,D001,4
T0776,D009,2
T0776,D002,3
T0776,D006,4
T0776,D012,3
T0776,D007,3
T0776,D011,4
T0776,D018,4
T0776,D004,3
T0776,D026,3
T0776,D005,3
T0776,D017,3
T0776,D015,2
T0777,D020,4
T0777,D021,5
T0777,D001,4
T0777,D019,4
T0777,D006,4
T0777,D018,4
T0777,D010,3
T0777,D022,4
T0777,D016,4
T0777,D011,3
T0777,D017,3
T0777,D007,4
T0777,D003,3
T0777,D004,4
T0778,D002,3
T0778,D003,4
T0778,D013,4
T0778,D015,4
T0778,D017,2
T0778,D022,3
T0778,D009,3
T0778,D019,4
T0778,D023,3
T0778,D014,4
T0778,D001,3
T0778,D007,4
T0778,D021,5
T0778,D010,2
T0778,D016,2
T0779,D026,3
T0779,D019,3
T0779,D015,3
T0779,D008,4
T0779,D014,4
T0779,D004,3
T0779,D012,2
T0779,D020,3
T0779,D023,3
T0779,D003,3
T0779,D021,4
T0779,D013,3
T0779,D022,2
T0780,D004,3
T0780,D010,3
T0780,D016,3
T0780,D001,3
T0780,D011,4
T0780,D022,4
T0780,D003,4
T0780,D002,4
T0780,D012,4
T0780,D023,4
T0780,D020,3
T0781,D018,5
T0781,D004,5
T0781,D015,3
T0781,D017,4
T0781,D016,3
T0781,D026,4
T0781,D024,5
T0781,D019,3
T0781,D002,4
T0781,D005,4
T0781,D006,4
T0781,D023,3
T0782,D023,4
T0782,D002,3
T0782,D024,3
T0782,D019,4
T0782,D001,5
T0782,D006,5
T0782,D018,4
T0782,D004,4
T0782,D016,4
T0782,D026,4
T0782,D020,5
T0782,D005,3
T0782,D003,4
T0782,D025,3
T0782,D011,5
T0782,D009,3
T0783,D015,4
T0783,D009,3
T0783,D004,4
T0783,D018,4
T0783,D024,4
T0783,D022,5
T0783,D025,3
T0783,D003,3
T0783,D005,5
T0783,D006,4
T0783,D017,4
T0784,D001,4
T0784,D020,4
T0784,D019,4
T0784,D013,4
T0784,D009,3
T0784,D003,3
T0784,D006,4
T0784,D018,3
T0784,D026,4
T0784,D012,4
T0784,D010,3
T0784,D004,3
T0784,D022,3
T0784,D008,4
T0784,D016,4
T0784,D024,4
T0784,D007,3
T0784,D002,3
T0784,D021,4
T0784,D014,3
T0785,D017,4
T0785,D001,3
T0785,D022,5
T0785,D024,4
T0785,D006,3
T0785,D004,4
T0785,D015,4
T0785,D018,4
T0785,D009,3
T0785,D013,4
T0785,D007,4
T0785,D012,3
T0786,D004,3
T0786,D026,3
T0786,D020,4
T0786,D023,4
T0786,D001,4
T0786,D003,4
T0786,D011,4
T0786,D005,3
T0786,D025,3
T0786,D014,4
T0787,D019,3
T0787,D002,3
T0787,D001,4
T0787,D009,3
T0787,D022,3
T0787,D024,3
T0787,D018,4
T0787,D011,4
T0787,D003,4
T0787,D006,4
T0787,D012,4
T0787,D023,4
T0787,D005,3
T0787,D010,3
T0788,D019,3
T0788,D003,3
T0788,D006,3
T0788,D012,3
T0788,D013,2
T0788,D021,3
T0788,D004,3
T0788,D024,4
T0788,D007,3
T0789,D008,3
T0789,D021,2
T0789,D011,4
T0789,D020,3
T0789,D007,4
T0789,D015,3
T0789,D010,3
T0789,D003,4
T0789,D006,3
T0789,D013,3
T0789,D001,3
T0789,D009,3
T0789,D026,4
T0789,D022,3
T0789,D024,3
T0789,D025,3
T0790,D015,3
T0790,D014,3
T0790,D012,4
T0790,D006,3
T0790,D017,4
T0790,D001,4
T0790,D005,3
T0790,D003,3
T0790,D013,3
T0790,D024,4
T0790,D023,4
T0790,D019,3
T0790,D010,4
T0790,D009,4
T0790,D020,3
T0790,D022,3
T0791,D022,4
T0791,D009,4
T0791,D007,2
T0791,D021,4
T0791,D023,4
T0791,D019,4
T0791,D026,4
T0791,D020,4
T0791,D010,3
T0791,D003,3
T0791,D002,3
T0792,D021,4
T0792,D023,3
T0792,D013,3
T0792,D016,3
T0792,D026,4
T0792,D015,4
T0792,D002,2
T0792,D001,4
T0792,D022,3
T0792,D020,2
T0792,D007,3
T0793,D017,4
T0793,D012,4
T0793,D022,5
T0793,D006,5
T0793,D013,4
T0793,D001,4
T0793,D011,4
T0793,D002,4
T0793,D023,4
T0793,D025,2
T0793,D024,4
T0793,D026,4
T0794,D015,3
T0794,D024,4
T0794,D001,3
T0794,D005,5
T0794,D011,3
T0794,D018,4
T0794,D013,4
T0794,D022,4
T0794,D017,4
T0794,D026,4
T0794,D004,4
T0794,D023,3
T0794,D003,2
T0795,D016,3
T0795,D025,2
T0795,D021,3
T0795,D026,4
T0795,D019,2
T0795,D023,4
T0795,D010,4
T0795,D006,3
T0795,D015,3
T0795,D012,2
T0795,D020,2
T0795,D002,3
T0796,D016,4
T0796,D017,4
T0796,D021,4
T0796,D012,4
T0796,D002,4
T0796,D018,4
T0796,D001,4
T0796,D015,4
T0796,D024,4
T0796,D019,3
T0796,D008,3
T0796,D006,4
T0796,D010,4
T0796,D023,4
T0797,D019,3
T0797,D022,4
T0797,D010,4
T0797,D008,4
T0797,D012,2
T0797,D013,4
T0797,D005,3
T0797,D002,3
T0797,D021,4
T0797,D006,3
T0797,D024,4
T0797,D003,3
T0797,D015,4
T0798,D007,3
T0798,D020,3
T0798,D002,4
T0798,D005,4
T0798,D024,4
T0798,D018,3
T0798,D022,4
T0798,D010,5
T0798,D015,4
T0798,D004,4
T0798,D017,3
T0798,D001,3
T0799,D011,4
T0799,D021,4
T0799,D024,3
T0799,D025,2
T0799,D015,5
T0799,D012,3
T0799,D007,3
T0799,D001,3
T0799,D008,4
T0799,D026,4
T0799,D020,3
T0799,D014,3
T0800,D026,3
T0800,D003,4
T0800,D001,4
T0800,D013,5
T0800,D011,4
T0800,D022,3
T0800,D024,2
T0800,D005,3
T0801,D012,3
T0801,D019,5
T0801,D014,4
T0801,D007,4
T0801,D003,4
T0801,D015,3
T0801,D011,3
T0801,D008,4
T0801,D016,3
T0801,D021,5
T0802,D002,3
T0802,D017,4
T0802,D012,3
T0802,D004,3
T0802,D006,4
T0802,D021,4
T0802,D001,4
T0802,D014,3
T0802,D016,4
T0802,D023,4
T0802,D011,4
T0803,D018,4
T0803,D002,4
T0803,D026,4
T0803,D009,4
T0803,D003,3
T0803,D021,3
T0803,D014,3
T0803,D024,4
T0803,D023,3
T0803,D005,4
T0803,D004,4
T0803,D006,4
T0804,D013,4
T0804,D007,4
T0804,D014,5
T0804,D001,4
T0804,D008,4
T0804,D015,4
T0804,D016,3
T0804,D025,3
T0804,D019,5
T0804,D021,4
T0804,D004,3
T0804,D003,4
T0804,D020,3
T0805,D018,4
T0805,D019,4
T0805,D014,3
T0805,D008,4
T0805,D026,3
T0805,D011,4
T0805,D007,4
T0806,D010,4
T0806,D004,4
T0806,D001,3
T0806,D024,4
T0806,D021,3
T0806,D012,3
T0806,D018,4
T0806,D026,4
T0806,D008,2
T0806,D009,4
T0807,D010,4
T0807,D011,3
T0807,D026,5
T0807,D015,4
T0807,D018,4
T0807,D019,3
T0807,D022,5
T0807,D024,4
T0807,D008,3
T0807,D021,3
T0807,D006,4
T0807,D004,4
T0807,D002,4
T0807,D017,4
T0808,D006,4
T0808,D007,4
T0808,D021,4
T0808,D020,4
T0808,D013,4
T0808,D015,3
T0808,D022,3
T0808,D012,5
T0808,D010,3
T0808,D018,3
T0808,D019,3
T0808,D011,4
T0809,D007,3
T0809,D002,4
T0809,D017,4
T0809,D015,3
T0809,D022,3
T0809,D006,4
T0809,D011,4
T0809,D020,4
T0809,D010,4
T0809,D018,4
T0809,D001,4
T0809,D023,4
T0809,D012,4
T0809,D024,4
T0809,D026,4
T0809,D014,3
T0809,D009,4
T0810,D024,4
T0810,D003,2
T0810,D018,4
T0810,D025,3
T0810,D020,4
T0810,D021,3
T0810,D010,4
T0810,D002,3
T0810,D001,4
T0810,D022,4
T0810,D026,4
T0810,D023,4
T0810,D009,4
T0810,D004,3
T0810,D017,3
T0810,D013,3
T0810,D019,4
T0810,D011,3
T0810,D006,4
T0810,D012,4
T0810,D015,3
T0811,D026,4
T0811,D011,4
T0811,D020,4
T0811,D014,3
T0811,D005,4
T0811,D013,4
T0811,D007,4
T0811,D017,4
T0811,D004,3
T0812,D004,4
T0812,D015,3
T0812,D002,4
T0812,D018,4
T0812,D005,4
T0812,D011,3
T0813,D018,2
T0813,D026,4
T0813,D011,4
T0813,D008,2
T0813,D016,3
T0813,D006,3
T0813,D010,4
T0813,D025,2
T0813,D020,2
T0813,D012,3
T0814,D022,5
T0814,D004,4
T0814,D020,3
T0814,D008,3
T0814,D011,3
T0814,D006,4
T0814,D007,4
T0814,D018,4
T0814,D017,4
T0814,D024,4
T0814,D019,4
T0814,D016,3
T0814,D010,3
T0814,D001,4
T0815,D011,4
T0815,D021,4
T0815,D003,3
T0815,D026,4
T0815,D001,4
T0815,D013,4
T0815,D023,4
T0815,D017,2
T0815,D022,3
T0815,D007,3
T0815,D010,3
T0815,D012,1
T0815,D025,2
T0815,D019,4
T0816,D022,4
T0816,D014,3
T0816,D026,5
T0816,D020,3
T0816,D018,5
T0816,D002,4
T0816,D013,4
T0816,D023,3
T0816,D010,5
T0816,D006,4
T0816,D009,4
T0816,D017,4
T0817,D025,3
T0817,D026,4
T0817,D007,3
T0817,D015,3
T0817,D006,4
T0817,D004,4
T0817,D010,4
T0817,D002,3
T0817,D013,3
T0817,D011,3
T0817,D008,3
T0817,D001,4
T0817,D018,4
T0817,D003,2
T0817,D017,4
T0817,D022,4
T0817,D009,3
T0817,D023,4
T0818,D003,3
T0818,D004,4
T0818,D024,4
T0818,D009,4
T0818,D010,4
T0818,D008,3
T0818,D001,3
T0818,D002,4
T0818,D021,3
T0818,D026,3
T0818,D019,4
T0818,D015,4
T0818,D022,4
T0818,D012,3
T0818,D013,4
T0819,D001,4
T0819,D021,3
T0819,D013,3
T0819,D007,3
T0819,D022,4
T0819,D023,4
T0819,D004,4
T0819,D010,4
T0819,D011,4
T0820,D015,3
T0820,D022,4
T0820,D014,3
T0820,D007,3
T0820,D013,5
T0820,D011,3
T0820,D008,3
T0820,D017,3
T0820,D021,4
T0820,D009,3
T0820,D001,3
T0820,D002,3
T0820,D005,4
T0821,D023,3
T0821,D004,3
T0821,D011,3
T0821,D021,5
T0821,D007,4
T0821,D020,3
T0821,D019,5
T0821,D022,3
T0821,D016,3
T0821,D026,3
T0821,D006,4
T0821,D017,3
T0821,D005,3
T0821,D008,5
T0821,D001,4
T0822,D011,4
T0822,D020,4
T0822,D013,4
T0822,D005,3
T0822,D007,4
T0822,D006,4
T0822,D018,3
T0822,D023,3
T0822,D014,3
T0822,D017,3
T0822,D012,4
T0823,D010,3
T0823,D008,3
T0823,D015,3
T0823,D004,3
T0823,D003,4
T0823,D014,4
T0823,D021,4
T0823,D011,4
T0823,D017,3
T0823,D001,3
T0823,D002,3
T0823,D007,5
T0823,D022,4
T0823,D024,3
T0823,D018,3
T0824,D023,4
T0824,D011,5
T0824,D021,4
T0824,D016,4
T0824,D002,3
T0824,D003,3
T0824,D025,3
T0824,D026,3
T0824,D015,3
T0824,D005,3
T0824,D017,3
T0824,D019,3
T0824,D012,4
T0825,D003,4
T0825,D015,5
T0825,D001,4
T0825,D007,5
T0825,D026,3
T0825,D005,3
T0825,D006,4
T0825,D009,3
T0825,D021,4
T0825,D008,5
T0825,D018,3
T0825,D024,2
T0826,D003,4
T0826,D004,2
T0826,D026,4
T0826,D010,3
T0826,D020,3
T0826,D006,3
T0826,D001,5
T0826,D009,4
T0826,D023,4
T0826,D011,5
T0827,D001,4
T0827,D009,3
T0827,D007,4
T0827,D013,5
T0827,D008,4
T0827,D005,3
T0827,D015,4
T0827,D021,4
T0827,D004,3
T0827,D019,4
T0827,D026,4
T0828,D026,3
T0828,D016,1
T0828,D022,4
T0828,D010,4
T0828,D019,3
T0828,D014,3
T0828,D011,3
T0828,D023,4
T0828,D015,3
T0828,D006,3
T0828,D005,3
T0828,D017,3
T0828,D013,3
T0828,D024,3
T0829,D013,3
T0829,D023,4
T0829,D010,2
T0829,D019,4
T0829,D001,5
T0829,D011,5
T0829,D004,2
T0829,D007,4
T0829,D015,3
T0829,D017,3
T0829,D006,3
T0829,D022,3
T0829,D020,3
T0830,D024,5
T0830,D013,3
T0830,D001,3
T0830,D018,4
T0830,D022,3
T0830,D026,4
T0830,D014,3
T0830,D008,4
T0830,D012,3
T0830,D003,3
T0830,D004,3
T0830,D019,4
T0830,D002,4
T0831,D005,2
T0831,D009,3
T0831,D007,3
T0831,D019,4
T0831,D011,3
T0831,D024,3
T0831,D023,4
T0831,D013,3
T0831,D015,3
T0831,D026,4
T0831,D018,3
T0831,D010,4
T0831,D017,3
T0831,D014,2
T0832,D026,3
T0832,D004,3
T0832,D007,3
T0832,D009,3
T0832,D013,3
T0832,D011,3
T0832,D008,2
T0832,D001,3
T0832,D005,2
T0832,D018,3
T0832,D022,3
T0832,D019,3
T0832,D021,3
T0833,D016,3
T0833,D006,3
T0833,D012,4
T0833,D011,4
T0833,D002,4
T0833,D021,4
T0833,D004,3
T0833,D023,3
T0833,D009,4
T0833,D020,3
T0833,D024,4
T0833,D010,4
T0833,D013,3
T0833,D022,3
T0834,D001,4
T0834,D013,4
T0834,D006,5
T0834,D011,4
T0834,D004,4
T0834,D026,4
T0834,D010,4
T0834,D012,3
T0834,D024,3
T0834,D020,3
T0834,D019,4
T0834,D002,4
T0834,D005,4
T0834,D022,4
T0835,D024,3
T0835,D010,3
T0835,D022,4
T0835,D008,3
T0835,D004,4
T0835,D011,3
T0835,D005,3
T0835,D016,2
T0835,D006,4
T0835,D026,4
T0835,D015,3
T0835,D021,3
T0835,D002,2
T0836,D020,3
T0836,D019,4
T0836,D015,5
T0836,D007,4
T0836,D006,4
T0836,D021,5
T0836,D013,5
T0836,D008,4
T0836,D026,4
T0836,D001,5
T0836,D004,3
T0837,D026,3
T0837,D007,3
T0837,D019,4
T0837,D015,4
T0837,D023,4
T0837,D013,4
T0837,D021,5
T0837,D011,4
T0837,D003,3
T0837,D016,3
T0837,D005,3
T0838,D017,2
T0838,D005,3
T0838,D011,3
T0838,D015,4
T0838,D014,4
T0838,D022,3
T0838,D006,4
T0838,D020,4
T0838,D007,3
T0838,D021,4
T0838,D001,4
T0839,D017,4
T0839,D005,4
T0839,D012,4
T0839,D011,3
T0839,D002,4
T0840,D017,3
T0840,D019,4
T0840,D006,4
T0840,D012,4
T0840,D007,4
T0840,D001,5
T0840,D003,4
T0840,D014,3
T0840,D011,4
T0840,D008,4
T0840,D015,4
T0840,D004,3
T0840,D026,4
T0841,D011,3
T0841,D012,4
T0841,D001,4
T0841,D002,3
T0841,D018,4
T0841,D019,4
T0841,D004,3
T0841,D008,3
T0841,D023,4
T0841,D021,4
T0841,D013,4
T0842,D015,4
T0842,D013,3
T0842,D010,4
T0842,D022,4
T0842,D002,5
T0842,D005,4
T0842,D009,4
T0842,D003,3
T0842,D007,2
T0842,D021,3
T0842,D017,4
T0842,D008,2
T0843,D002,3
T0843,D016,3
T0843,D001,3
T0843,D003,3
T0843,D019,4
T0843,D021,5
T0843,D011,4
T0843,D010,3
T0843,D013,4
T0843,D015,4
T0843,D024,3
T0843,D026,4
T0843,D022,3
T0844,D003,3
T0844,D019,3
T0844,D026,3
T0844,D013,4
T0844,D022,3
T0844,D011,3
T0844,D002,4
T0844,D001,4
T0844,D008,4
T0844,D023,3
T0844,D020,3
T0844,D015,5
T0844,D014,3
T0845,D013,4
T0845,D008,4
T0845,D012,3
T0845,D001,4
T0845,D025,2
T0845,D019,4
T0845,D011,3
T0845,D015,3
T0846,D022,4
T0846,D013,4
T0846,D010,3
T0846,D020,4
T0846,D004,4
T0846,D018,4
T0846,D015,3
T0846,D021,4
T0847,D012,4
T0847,D025,4
T0847,D008,3
T0847,D003,3
T0847,D024,4
T0847,D019,4
T0847,D014,3
T0847,D022,4
T0847,D009,3
T0847,D006,3
T0847,D011,3
T0847,D020,3
T0848,D024,3
T0848,D016,3
T0848,D005,4
T0848,D017,3
T0848,D006,4
T0848,D019,3
T0848,D010,4
T0848,D013,3
T0849,D017,3
T0849,D008,4
T0849,D026,3
T0849,D001,5
T0849,D006,4
T0849,D024,3
T0849,D014,3
T0849,D016,4
T0849,D007,4
T0849,D011,4
T0849,D021,4
T0849,D020,4
T0850,D007,3
T0850,D011,4
T0850,D005,4
T0850,D020,4
T0850,D016,4
T0850,D006,4
T0850,D023,4
T0850,D022,4
T0850,D003,3
T0850,D001,4
T0850,D012,4
T0850,D010,4
T0851,D023,4
T0851,D018,3
T0851,D025,3
T0851,D013,5
T0851,D014,4
T0851,D017,3
T0851,D026,3
T0851,D012,4
T0851,D008,4
T0851,D002,3
T0851,D019,5
T0851,D007,3
T0852,D018,4
T0852,D015,3
T0852,D025,3
T0852,D022,4
T0852,D012,3
T0852,D001,3
T0852,D009,4
T0852,D011,4
T0852,D005,3
T0852,D002,3
T0852,D008,2
T0852,D007,3
T0852,D021,3
T0852,D019,3
T0853,D010,3
T0853,D022,4
T0853,D005,3
T0853,D015,4
T0853,D009,3
T0853,D004,4
T0853,D013,4
T0853,D021,2
T0853,D026,4
T0853,D014,3
T0853,D001,3
T0853,D006,4
T0853,D007,3
T0853,D023,3
T0854,D007,3
T0854,D016,3
T0854,D012,4
T0854,D023,4
T0854,D018,3
T0854,D008,3
T0854,D002,3
T0854,D020,4
T0855,D019,4
T0855,D026,3
T0855,D007,5
T0855,D008,4
T0855,D002,4
T0855,D001,5
T0855,D006,4
T0855,D005,3
T0855,D017,3
T0855,D013,5
T0855,D004,4
T0855,D009,4
T0855,D003,4
T0855,D010,3
T0855,D012,3
T0856,D011,3
T0856,D001,2
T0856,D002,3
T0856,D003,3
T0856,D020,2
T0856,D024,4
T0856,D010,4
T0856,D018,3
T0856,D006,4
T0856,D005,2
T0857,D017,3
T0857,D014,4
T0857,D016,3
T0857,D010,3
T0857,D009,3
T0857,D019,4
T0857,D022,4
T0858,D004,3
T0858,D021,4
T0858,D007,3
T0858,D015,4
T0858,D002,4
T0858,D001,4
T0858,D024,3
T0858,D020,4
T0858,D014,3
T0859,D017,4
T0859,D021,4
T0859,D022,3
T0859,D025,3
T0859,D015,3
T0859,D020,3
T0859,D001,5
T0859,D002,4
T0859,D011,5
T0859,D024,4
T0859,D005,3
T0859,D013,4
T0859,D019,4
T0859,D009,4
T0859,D010,3
T0859,D012,3
T0860,D016,4
T0860,D011,4
T0860,D018,4
T0860,D001,4
T0860,D003,3
T0860,D012,4
T0860,D026,3
T0860,D008,3
T0860,D024,3
T0860,D020,4
T0860,D004,4
T0860,D021,3
T0860,D022,3
T0860,D023,4
T0861,D010,4
T0861,D023,3
T0861,D021,3
T0861,D015,4
T0861,D013,4
T0861,D022,4
T0861,D012,3
T0861,D008,3
T0861,D014,3
T0862,D004,3
T0862,D021,3
T0862,D020,3
T0862,D018,3
T0862,D012,3
T0862,D023,4
T0862,D016,3
T0862,D026,3
T0862,D010,2
T0862,D013,4
T0862,D015,4
T0862,D011,4
T0863,D014,3
T0863,D011,3
T0863,D010,4
T0863,D017,3
T0863,D021,3
T0863,D020,3
T0863,D023,4
T0863,D026,3
T0863,D005,3
T0863,D022,4
T0863,D018,3
T0863,D019,3
T0863,D024,3
T0863,D001,3
T0863,D002,3
T0864,D019,3
T0864,D004,3
T0864,D008,2
T0864,D024,4
T0864,D001,3
T0864,D017,3
T0864,D005,3
T0864,D020,3
T0864,D022,3
T0864,D015,3
T0864,D011,3
T0864,D023,3
T0864,D025,3
T0864,D009,4
T0864,D026,4
T0864,D002,3
T0864,D018,3
T0865,D010,3
T0865,D017,3
T0865,D016,2
T0865,D005,2
T0865,D025,2
T0865,D018,3
T0866,D014,3
T0866,D021,4
T0866,D019,3
T0866,D017,3
T0866,D020,3
T0866,D009,3
T0867,D019,4
T0867,D007,4
T0867,D023,3
T0867,D021,4
T0867,D020,4
T0867,D013,4
T0867,D022,4
T0867,D018,3
T0867,D012,4
T0867,D004,4
T0867,D016,3
T0868,D001,5
T0868,D019,4
T0868,D013,5
T0868,D004,4
T0868,D010,4
T0868,D012,4
T0868,D009,3
T0869,D002,3
T0869,D001,4
T0869,D014,4
T0869,D021,4
T0869,D007,4
T0869,D003,5
T0869,D015,4
T0869,D026,3
T0869,D011,3
T0869,D024,3
T0869,D017,2
T0869,D023,3
T0869,D019,4
T0869,D016,3
T0870,D008,4
T0870,D004,3
T0870,D007,4
T0870,D026,3
T0870,D020,4
T0870,D023,4
T0870,D021,4
T0870,D006,3
T0870,D025,3
T0871,D001,4
T0871,D022,5
T0871,D017,5
T0871,D010,4
T0871,D016,3
T0871,D006,5
T0871,D009,4
T0871,D024,4
T0871,D018,4
T0871,D015,4
T0871,D019,4
T0871,D013,4
T0871,D014,3
T0872,D007,4
T0872,D011,4
T0872,D020,5
T0872,D006,4
T0872,D018,4
T0872,D023,4
T0872,D019,5
T0872,D024,3
T0873,D026,3
T0873,D001,4
T0873,D010,3
T0873,D024,3
T0873,D018,4
T0873,D002,4
T0873,D005,3
T0873,D013,3
T0873,D021,3
T0873,D008,3
T0873,D004,3
T0874,D001,4
T0874,D007,4
T0874,D013,4
T0874,D004,3
T0874,D015,4
T0874,D011,4
T0874,D010,3
T0874,D022,3
T0874,D008,4
T0874,D014,3
T0874,D005,3
T0874,D009,3
T0875,D019,3
T0875,D008,3
T0875,D023,4
T0875,D013,4
T0875,D003,4
T0875,D010,3
T0875,D021,4
T0875,D006,3
T0876,D019,4
T0876,D011,4
T0876,D001,4
T0876,D012,3
T0876,D017,3
T0876,D006,4
T0876,D018,3
T0876,D023,4
T0876,D010,4
T0877,D003,3
T0877,D010,4
T0877,D024,5
T0877,D023,4
T0877,D008,3
T0877,D025,2
T0877,D026,4
T0877,D001,3
T0877,D022,4
T0877,D009,4
T0877,D018,4
T0877,D004,5
T0877,D002,5
T0877,D019,4
T0878,D024,4
T0878,D008,3
T0878,D014,3
T0878,D017,4
T0878,D026,4
T0878,D003,4
T0878,D001,4
T0878,D020,4
T0878,D004,3
T0878,D002,4
T0878,D015,3
T0878,D009,4
T0879,D024,3
T0879,D001,4
T0879,D004,4
T0879,D012,3
T0879,D026,4
T0879,D023,4
T0879,D018,4
T0879,D019,3
T0879,D025,3
T0879,D002,3
T0879,D011,4
T0879,D020,4
T0879,D021,3
T0879,D022,4
T0880,D005,3
T0880,D026,3
T0880,D025,3
T0880,D006,4
T0880,D013,4
T0880,D008,4
T0880,D011,4
T0880,D007,4
T0880,D009,3
T0880,D018,3
T0880,D019,5
T0880,D003,4
T0880,D015,4
T0880,D016,3
T0881,D002,3
T0881,D011,2
T0881,D022,3
T0881,D024,3
T0881,D021,3
T0881,D009,3
T0881,D017,4
T0881,D012,2
T0881,D010,4
T0881,D019,3
T0881,D003,2
T0881,D006,3
T0881,D004,3
T0881,D015,3
T0881,D014,3
T0881,D013,3
T0881,D025,2
T0882,D024,4
T0882,D004,3
T0882,D026,4
T0882,D012,4
T0882,D022,3
T0882,D011,4
T0882,D023,4
T0882,D015,4
T0882,D002,4
T0882,D019,4
T0882,D003,4
T0882,D009,3
T0882,D010,4
T0882,D016,3
T0882,D018,4
T0883,D016,3
T0883,D024,3
T0883,D011,4
T0883,D018,3
T0883,D010,4
T0883,D023,4
T0883,D022,4
T0883,D017,3
T0883,D006,3
T0883,D015,3
T0883,D021,2
T0884,D025,2
T0884,D022,3
T0884,D013,4
T0884,D007,4
T0884,D001,5
T0884,D008,4
T0884,D004,4
T0884,D021,5
T0884,D005,3
T0884,D019,4
T0884,D011,3
T0884,D010,3
T0885,D025,4
T0885,D005,4
T0885,D011,4
T0885,D017,4
T0885,D023,4
T0885,D009,4
T0885,D001,4
T0886,D010,2
T0886,D013,3
T0886,D022,4
T0886,D014,3
T0886,D011,3
T0886,D017,3
T0886,D021,3
T0886,D023,3
T0886,D009,3
T0886,D004,3
T0886,D025,3
T0886,D007,3
T0886,D024,2
T0887,D002,4
T0887,D009,3
T0887,D012,4
T0887,D021,4
T0887,D018,4
T0887,D013,5
T0887,D005,3
T0887,D004,4
T0888,D011,4
T0888,D014,4
T0888,D021,5
T0888,D016,3
T0888,D017,3
T0888,D006,3
T0888,D003,4
T0888,D018,2
T0888,D019,4
T0888,D015,4
T0889,D006,4
T0889,D024,4
T0889,D017,4
T0889,D018,3
T0889,D003,4
T0889,D005,4
T0889,D008,2
T0889,D019,3
T0889,D002,4
T0889,D021,4
T0889,D022,4
T0889,D004,4
T0889,D023,3
T0890,D003,4
T0890,D008,4
T0890,D017,4
T0890,D005,4
T0890,D025,3
T0890,D011,5
T0890,D019,4
T0890,D012,4
T0890,D015,4
T0890,D023,3
T0890,D022,3
T0890,D001,5
T0891,D021,4
T0891,D026,4
T0891,D007,3
T0891,D012,4
T0891,D019,3
T0891,D020,4
T0891,D015,3
T0891,D016,3
T0891,D010,3
T0891,D008,3
T0891,D001,4
T0891,D006,4
T0891,D002,4
T0891,D004,4
T0891,D023,3
T0892,D012,3
T0892,D013,3
T0892,D023,3
T0892,D002,3
T0892,D026,3
T0892,D021,3
T0892,D019,3
T0892,D009,3
T0892,D011,3
T0892,D015,4
T0893,D017,4
T0893,D005,3
T0893,D007,3
T0893,D002,3
T0893,D009,4
T0893,D012,3
T0893,D025,2
T0893,D008,3
T0893,D020,3
T0893,D004,3
T0893,D021,3
T0894,D004,4
T0894,D024,3
T0894,D002,4
T0894,D015,4
T0894,D013,4
T0894,D021,3
T0894,D010,5
T0894,D026,4
T0894,D011,3
T0894,D018,4
T0894,D007,4
T0894,D001,3
T0894,D017,4
T0894,D020,3
T0894,D005,4
T0895,D021,2
T0895,D013,4
T0895,D011,4
T0895,D012,3
T0895,D019,3
T0895,D020,3
T0895,D007,2
T0895,D018,4
T0895,D017,4
T0895,D026,4
T0895,D010,4
T0895,D009,4
T0895,D008,2
T0895,D024,4
T0895,D001,3
T0896,D019,4
T0896,D021,4
T0896,D005,3
T0896,D022,3
T0896,D010,4
T0896,D011,4
T0896,D007,3
T0896,D018,3
T0896,D024,3
T0896,D006,3
T0897,D023,4
T0897,D004,3
T0897,D013,3
T0897,D008,2
T0897,D019,3
T0897,D012,2
T0897,D005,3
T0897,D007,3
T0897,D015,3
T0898,D022,3
T0898,D019,5
T0898,D003,4
T0898,D008,3
T0898,D002,3
T0898,D007,4
T0898,D023,3
T0898,D011,3
T0898,D001,3
T0898,D010,3
T0899,D003,3
T0899,D008,2
T0899,D005,4
T0899,D024,4
T0899,D006,4
T0899,D026,5
T0899,D018,4
T0899,D014,3
T0899,D013,4
T0899,D019,4
T0899,D009,4
T0899,D004,4
T0899,D020,3
T0899,D016,2
T0899,D022,4
T0900,D004,4
T0900,D019,4
T0900,D023,3
T0900,D009,4
T0900,D012,2
T0900,D006,4
T0900,D005,3
T0900,D026,4
T0900,D017,4
T0900,D022,4
T0900,D002,3
T0900,D020,4
T0900,D001,3
T0900,D016,4
T0901,D009,5
T0901,D004,4
T0901,D010,4
T0901,D016,3
T0901,D006,3
T0901,D002,4
T0901,D017,4
T0901,D024,5
T0901,D018,5
T0902,D026,4
T0902,D006,4
T0902,D018,5
T0902,D005,4
T0902,D020,4
T0902,D008,4
T0902,D017,4
T0902,D007,3
T0903,D002,3
T0903,D009,4
T0903,D008,3
T0903,D017,3
T0903,D005,3
T0903,D015,4
T0903,D006,4
T0903,D004,5
T0903,D013,3
T0903,D010,5
T0903,D001,4
T0903,D018,4
T0903,D014,3
T0903,D023,2
T0903,D012,2
T0903,D003,3
T0904,D018,3
T0904,D002,3
T0904,D005,4
T0904,D011,4
T0904,D017,4
T0904,D006,4
T0904,D009,4
T0904,D026,3
T0904,D022,4
T0904,D021,3
T0904,D014,2
T0904,D001,5
T0904,D025,3
T0905,D002,4
T0905,D025,3
T0905,D003,3
T0905,D013,4
T0905,D006,4
T0905,D007,3
T0905,D018,4
T0905,D019,4
T0905,D017,4
T0905,D024,4
T0905,D023,3
T0905,D001,4
T0906,D023,4
T0906,D001,3
T0906,D013,3
T0906,D007,3
T0906,D003,3
T0906,D021,3
T0906,D006,3
T0906,D015,3
T0906,D018,4
T0906,D004,3
T0906,D024,3
T0906,D017,2
T0906,D012,2
T0906,D026,4
T0906,D005,3
T0907,D006,4
T0907,D007,4
T0907,D001,4
T0907,D002,4
T0907,D004,3
T0907,D012,4
T0907,D003,3
T0907,D011,4
T0907,D021,4
T0907,D016,3
T0907,D019,4
T0907,D018,3
T0907,D026,3
T0907,D009,3
T0908,D021,4
T0908,D013,4
T0908,D006,3
T0908,D012,3
T0908,D014,2
T0908,D004,3
T0908,D001,4
T0908,D018,3
T0908,D019,4
T0908,D026,4
T0908,D003,3
T0908,D016,4
T0908,D024,4
T0909,D017,4
T0909,D010,4
T0909,D009,4
T0909,D015,4
T0909,D021,4
T0909,D006,5
T0909,D019,3
T0909,D002,4
T0909,D004,4
T0909,D022,4
T0909,D014,3
T0909,D026,3
T0909,D007,4
T0909,D023,3
T0909,D008,4
T0910,D026,4
T0910,D019,5
T0910,D001,4
T0910,D022,3
T0910,D017,3
T0910,D023,4
T0910,D010,3
T0910,D014,3
T0910,D011,4
T0911,D001,5
T0911,D019,4
T0911,D003,4
T0911,D016,4
T0911,D020,5
T0911,D009,4
T0911,D014,3
T0911,D007,4
T0911,D023,4
T0911,D015,4
T0911,D021,4
T0911,D004,4
T0912,D001,4
T0912,D021,4
T0912,D006,4
T0912,D005,4
T0912,D011,4
T0912,D010,3
T0912,D003,3
T0912,D004,4
T0912,D017,3
T0912,D007,3
T0912,D008,3
T0912,D014,3
T0912,D020,3
T0912,D009,3
T0912,D015,4
T0912,D018,3
T0912,D013,3
T0913,D023,4
T0913,D010,3
T0913,D008,4
T0913,D016,3
T0913,D009,4
T0913,D021,4
T0913,D007,4
T0913,D019,4
T0913,D001,4
T0913,D026,4
T0913,D020,3
T0913,D011,4
T0913,D015,4
T0913,D018,2
T0914,D022,4
T0914,D020,4
T0914,D001,4
T0914,D002,4
T0914,D021,4
T0914,D014,4
T0914,D015,3
T0914,D008,4
T0914,D009,4
T0915,D016,3
T0915,D011,2
T0915,D004,3
T0915,D018,3
T0915,D017,4
T0915,D019,3
T0915,D021,3
T0915,D022,4
T0915,D026,3
T0915,D007,2
T0915,D005,3
T0915,D023,3
T0915,D020,3
T0915,D015,3
T0915,D024,3
T0915,D003,3
T0916,D026,3
T0916,D007,3
T0916,D019,3
T0916,D014,3
T0916,D003,4
T0916,D006,2
T0916,D023,4
T0916,D021,4
T0917,D019,4
T0917,D018,4
T0917,D008,4
T0917,D026,2
T0917,D025,4
T0917,D001,4
T0917,D016,3
T0917,D012,4
T0918,D019,3
T0918,D026,4
T0918,D024,4
T0918,D013,4
T0918,D010,5
T0918,D003,3
T0918,D005,5
T0918,D002,4
T0918,D022,4
T0918,D009,5
T0918,D006,4
T0919,D004,4
T0919,D017,3
T0919,D014,3
T0919,D026,4
T0919,D007,4
T0919,D010,4
T0919,D001,3
T0919,D019,3
T0919,D002,3
T0919,D023,4
T0919,D003,3
T0919,D024,4
T0920,D008,3
T0920,D011,4
T0920,D009,4
T0920,D004,3
T0920,D007,3
T0920,D022,3
T0920,D024,3
T0920,D020,4
T0921,D001,4
T0921,D017,3
T0921,D019,4
T0921,D008,4
T0921,D015,4
T0921,D006,3
T0921,D020,3
T0921,D004,3
T0921,D021,4
T0921,D026,3
T0921,D007,4
T0921,D014,4
T0921,D013,4
T0921,D005,4
T0921,D016,3
T0922,D013,4
T0922,D020,3
T0922,D024,3
T0922,D012,4
T0922,D016,3
T0922,D001,4
T0922,D008,4
T0922,D010,4
T0922,D018,4
T0922,D015,3
T0922,D017,3
T0922,D009,3
T0923,D006,4
T0923,D013,5
T0923,D021,5
T0923,D016,2
T0923,D014,4
T0923,D003,4
T0923,D025,2
T0923,D007,5
T0923,D011,3
T0923,D015,4
T0923,D024,3
T0923,D008,5
T0924,D020,3
T0924,D023,4
T0924,D013,4
T0924,D021,5
T0924,D016,3
T0924,D014,4
T0924,D003,4
T0924,D017,2
T0924,D007,4
T0924,D026,3
T0924,D015,4
T0924,D019,4
T0924,D012,4
T0925,D006,5
T0925,D016,4
T0925,D012,4
T0925,D026,4
T0925,D020,3
T0925,D019,5
T0925,D024,3
T0925,D022,4
T0925,D017,5
T0925,D005,4
T0925,D003,2
T0925,D002,4
T0925,D021,3
T0926,D023,3
T0926,D019,3
T0926,D009,3
T0926,D004,3
T0926,D015,4
T0926,D020,4
T0926,D008,4
T0926,D013,3
T0926,D018,3
T0926,D024,3
T0926,D012,3
T0926,D021,4
T0926,D002,3
T0927,D006,4
T0927,D024,4
T0927,D002,4
T0927,D009,4
T0927,D010,3
T0927,D019,4
T0927,D004,4
T0927,D013,4
T0927,D017,4
T0927,D003,3
T0928,D006,5
T0928,D001,5
T0928,D012,3
T0928,D010,3
T0928,D021,4
T0928,D009,3
T0928,D016,3
T0928,D022,3
T0928,D003,4
T0928,D023,4
T0928,D002,3
T0929,D001,4
T0929,D009,4
T0929,D014,4
T0929,D021,4
T0929,D017,3
T0929,D019,4
T0929,D025,4
T0929,D020,4
T0929,D022,3
T0929,D011,3
T0929,D003,4
T0929,D002,4
T0929,D012,4
T0929,D024,3
T0929,D026,3
T0929,D007,4
T0930,D008,4
T0930,D024,3
T0930,D012,3
T0930,D011,3
T0930,D019,5
T0930,D002,3
T0930,D007,3
T0930,D023,3
T0930,D022,4
T0930,D001,5
T0930,D013,5
T0930,D006,4
T0931,D023,4
T0931,D026,4
T0931,D018,4
T0931,D021,3
T0931,D017,3
T0931,D022,4
T0931,D011,4
T0931,D016,3
T0931,D003,2
T0931,D007,2
T0931,D015,3
T0932,D003,3
T0932,D017,3
T0932,D001,3
T0932,D025,3
T0932,D022,3
T0932,D009,3
T0932,D016,3
T0932,D010,3
T0933,D001,4
T0933,D008,2
T0933,D026,4
T0933,D004,3
T0933,D011,4
T0933,D013,4
T0933,D014,3
T0933,D023,3
T0933,D018,3
T0933,D002,3
T0933,D009,4
T0934,D011,4
T0934,D024,3
T0934,D005,4
T0934,D021,4
T0934,D009,3
T0934,D023,3
T0934,D025,2
T0934,D008,4
T0934,D003,4
T0934,D006,4
T0934,D019,3
T0935,D008,3
T0935,D011,3
T0935,D014,4
T0935,D010,3
T0935,D026,3
T0935,D015,4
T0935,D013,5
T0935,D023,3
T0935,D003,3
T0935,D019,4
T0936,D017,3
T0936,D005,3
T0936,D006,4
T0936,D008,2
T0936,D007,3
T0936,D004,3
T0936,D010,4
T0936,D019,4
T0936,D015,4
T0936,D013,4
T0936,D024,4
T0936,D020,2
T0936,D009,4
T0937,D001,4
T0937,D014,4
T0937,D022,4
T0937,D016,3
T0937,D005,3
T0937,D019,4
T0937,D026,4
T0937,D006,4
T0937,D004,4
T0937,D002,3
T0937,D023,4
T0937,D011,4
T0937,D012,4
T0937,D013,4
T0937,D009,4
T0938,D026,5
T0938,D005,5
T0938,D022,5
T0938,D004,5
T0938,D013,4
T0938,D011,3
T0938,D024,5
T0938,D016,3
T0938,D006,4
T0938,D018,5
T0938,D010,4
T0939,D014,3
T0939,D010,4
T0939,D019,5
T0939,D011,4
T0939,D017,3
T0939,D013,4
T0939,D005,4
T0939,D009,4
T0939,D016,2
T0939,D003,3
T0939,D015,4
T0940,D023,4
T0940,D015,4
T0940,D007,3
T0940,D014,4
T0940,D004,3
T0940,D019,4
T0940,D026,4
T0940,D003,3
T0940,D006,4
T0940,D024,4
T0941,D008,3
T0941,D015,4
T0941,D020,2
T0941,D013,4
T0941,D021,4
T0941,D002,3
T0941,D010,3
T0941,D004,2
T0941,D003,4
T0941,D026,4
T0941,D014,3
T0941,D012,2
T0942,D014,3
T0942,D011,5
T0942,D021,4
T0942,D018,4
T0942,D012,5
T0942,D023,4
T0942,D025,4
T0942,D019,4
T0942,D020,4
T0942,D016,4
T0942,D024,3
T0942,D017,3
T0942,D001,5
T0942,D015,3
T0943,D026,4
T0943,D020,4
T0943,D014,3
T0943,D007,4
T0943,D001,5
T0943,D008,4
T0943,D018,3
T0943,D003,4
T0943,D015,4
T0943,D012,4
T0943,D006,4
T0943,D021,4
T0943,D011,4
T0943,D025,3
T0943,D016,3
T0943,D004,3
T0943,D019,4
T0943,D022,3
T0944,D023,4
T0944,D016,4
T0944,D011,4
T0944,D025,3
T0944,D001,5
T0944,D013,3
T0944,D005,3
T0944,D012,4
T0944,D017,3
T0944,D009,3
T0944,D010,4
T0944,D007,4
T0944,D020,4
T0944,D008,4
T0944,D019,4
T0945,D022,3
T0945,D011,4
T0945,D001,5
T0945,D021,4
T0945,D013,4
T0945,D023,5
T0945,D008,4
T0945,D007,4
T0945,D014,3
T0945,D016,4
T0946,D020,3
T0946,D015,4
T0946,D013,4
T0946,D004,4
T0946,D011,3
T0946,D017,4
T0946,D003,3
T0946,D002,4
T0946,D026,4
T0946,D007,3
T0946,D018,4
T0946,D008,3
T0946,D023,3
T0946,D010,5
T0947,D026,4
T0947,D012,4
T0947,D016,4
T0947,D011,4
T0947,D018,3
T0947,D013,3
T0947,D009,4
T0947,D017,4
T0947,D022,4
T0947,D010,4
T0947,D008,2
T0948,D006,3
T0948,D017,3
T0948,D007,3
T0948,D013,4
T0948,D010,3
T0948,D015,4
T0948,D024,3
T0948,D011,4
T0948,D023,4
T0949,D020,3
T0949,D021,4
T0949,D016,3
T0949,D014,3
T0949,D013,5
T0949,D022,5
T0949,D026,4
T0949,D019,3
T0949,D017,3
T0949,D010,4
T0949,D009,4
T0949,D015,4
T0949,D018,4
T0949,D002,5
T0949,D007,3
T0950,D026,4
T0950,D001,4
T0950,D011,3
T0950,D018,4
T0950,D008,3
T0950,D002,5
T0950,D024,5
T0950,D014,3
T0950,D010,4
T0950,D005,4
T0950,D022,4
T0950,D006,3
T0950,D017,3
T0950,D016,2
T0950,D004,4
T0950,D009,4
T0950,D013,4
T0951,D013,5
T0951,D009,4
T0951,D023,4
T0951,D019,4
T0951,D020,3
T0951,D025,2
T0951,D006,4
T0951,D001,4
T0951,D017,3
T0951,D016,3
T0951,D026,4
T0951,D022,4
T0951,D002,3
T0951,D003,3
T0951,D024,3
T0952,D019,5
T0952,D022,4
T0952,D013,4
T0952,D025,3
T0952,D008,4
T0952,D014,4
T0952,D009,3
T0952,D003,3
T0953,D015,4
T0953,D010,4
T0953,D024,4
T0953,D009,4
T0953,D022,4
T0953,D017,3
T0953,D008,4
T0953,D007,3
T0954,D004,4
T0954,D005,3
T0954,D024,3
T0954,D001,4
T0954,D008,4
T0954,D019,4
T0954,D017,3
T0954,D026,4
T0954,D011,3
T0954,D020,3
T0954,D022,2
T0955,D014,2
T0955,D012,2
T0955,D011,4
T0955,D006,4
T0955,D017,4
T0955,D022,4
T0955,D018,4
T0955,D024,5
T0955,D007,2
T0955,D004,4
T0955,D015,4
T0955,D010,4
T0955,D019,4
T0955,D026,4
T0955,D008,3
T0956,D021,4
T0956,D024,5
T0956,D017,4
T0956,D005,5
T0956,D011,3
T0956,D022,4
T0956,D009,4
T0956,D003,4
T0956,D020,3
T0956,D008,4
T0956,D007,3
T0956,D010,3
T0956,D013,4
T0957,D024,4
T0957,D016,2
T0957,D022,5
T0957,D018,5
T0957,D007,2
T0957,D004,5
T0957,D026,4
T0957,D011,3
T0958,D021,4
T0958,D015,4
T0958,D013,5
T0958,D019,4
T0958,D025,3
T0958,D008,3
T0958,D024,4
T0958,D006,4
T0958,D023,4
T0958,D016,4
T0959,D013,4
T0959,D001,3
T0959,D014,4
T0959,D008,3
T0959,D015,4
T0959,D019,3
T0959,D020,3
T0959,D007,3
T0959,D011,4
T0960,D023,3
T0960,D010,3
T0960,D002,3
T0960,D019,5
T0960,D001,3
T0960,D022,3
T0960,D015,3
T0960,D026,3
T0960,D017,3
T0960,D006,5
T0960,D024,3
T0960,D011,4
T0960,D021,3
T0961,D004,3
T0961,D024,3
T0961,D020,4
T0961,D017,3
T0961,D009,3
T0961,D007,3
T0961,D015,4
T0961,D022,4
T0961,D001,4
T0961,D016,3
T0962,D006,3
T0962,D005,4
T0962,D012,3
T0962,D001,3
T0962,D015,4
T0962,D003,3
T0962,D004,4
T0962,D026,5
T0962,D010,4
T0963,D009,4
T0963,D014,3
T0963,D012,3
T0963,D021,4
T0963,D002,5
T0963,D013,4
T0963,D005,3
T0963,D018,4
T0963,D006,3
T0963,D017,4
T0963,D003,3
T0963,D011,2
T0963,D001,2
T0963,D010,4
T0964,D024,3
T0964,D014,3
T0964,D011,4
T0964,D026,3
T0964,D021,4
T0964,D019,4
T0964,D015,4
T0964,D003,4
T0965,D016,3
T0965,D026,4
T0965,D001,4
T0965,D014,3
T0965,D015,4
T0965,D012,3
T0965,D023,4
T0965,D022,4
T0965,D003,4
T0965,D019,4
T0965,D008,4
T0965,D010,3
T0965,D011,3
T0966,D015,4
T0966,D024,5
T0966,D013,4
T0966,D019,3
T0966,D018,4
T0966,D002,4
T0966,D014,3
T0966,D008,3
T0966,D010,4
T0966,D022,4
T0966,D009,3
T0966,D023,3
T0966,D006,4
T0967,D021,3
T0967,D015,5
T0967,D005,4
T0967,D004,4
T0967,D024,4
T0967,D010,4
T0967,D019,3
T0967,D008,3
T0967,D018,3
T0967,D001,4
T0967,D013,4
T0968,D026,4
T0968,D011,3
T0968,D005,3
T0968,D019,4
T0968,D022,4
T0968,D013,4
T0968,D021,4
T0968,D017,3
T0968,D012,3
T0968,D023,3
T0968,D009,4
T0968,D020,3
T0968,D001,4
T0969,D009,4
T0969,D017,3
T0969,D003,3
T0969,D010,4
T0969,D001,4
T0969,D016,3
T0969,D008,3
T0969,D015,3
T0969,D022,3
T0969,D021,3
T0969,D020,3
T0969,D024,3
T0969,D023,4
T0969,D018,3
T0969,D006,3
T0970,D009,3
T0970,D015,3
T0970,D023,4
T0970,D024,4
T0970,D017,3
T0970,D012,4
T0970,D020,3
T0970,D019,3
T0970,D022,5
T0970,D008,3
T0970,D002,3
T0970,D016,3
T0971,D011,3
T0971,D016,4
T0971,D022,3
T0971,D009,3
T0971,D017,3
T0971,D019,3
T0971,D001,3
T0971,D007,3
T0971,D026,4
T0971,D015,3
T0971,D012,2
T0971,D003,3
T0971,D020,3
T0972,D014,4
T0972,D001,4
T0972,D022,4
T0972,D007,2
T0972,D016,2
T0972,D004,4
T0972,D023,3
T0972,D018,3
T0972,D009,3
T0972,D013,4
T0972,D011,4
T0972,D010,3
T0972,D017,3
T0973,D002,5
T0973,D006,4
T0973,D024,5
T0973,D003,3
T0973,D019,3
T0973,D009,4
T0973,D021,4
T0973,D012,3
T0974,D021,5
T0974,D008,4
T0974,D020,3
T0974,D015,4
T0974,D013,4
T0974,D006,3
T0974,D009,3
T0974,D007,4
T0974,D019,4
T0974,D001,4
T0974,D002,3
T0974,D024,2
T0974,D011,3
T0974,D005,3
T0974,D016,3
T0975,D018,4
T0975,D006,5
T0975,D021,3
T0975,D009,3
T0975,D008,3
T0975,D010,5
T0975,D004,3
T0975,D013,4
T0975,D023,4
T0975,D001,4
T0976,D018,4
T0976,D006,4
T0976,D025,1
T0976,D016,3
T0976,D020,3
T0976,D005,3
T0976,D017,4
T0976,D009,3
T0977,D020,4
T0977,D003,4
T0977,D002,3
T0977,D007,4
T0977,D015,4
T0977,D013,5
T0977,D011,3
T0977,D004,3
T0977,D024,3
T0977,D021,5
T0977,D022,3
T0977,D017,3
T0977,D006,4
T0978,D004,3
T0978,D003,3
T0978,D011,4
T0978,D007,3
T0978,D017,3
T0978,D018,3
T0978,D006,4
T0978,D009,4
T0978,D026,3
T0978,D019,3
T0978,D015,4
T0979,D001,3
T0979,D012,3
T0979,D006,5
T0979,D014,2
T0979,D024,5
T0979,D011,3
T0979,D020,3
T0979,D004,5
T0979,D010,5
T0979,D017,4
T0979,D026,4
T0979,D023,3
T0979,D005,4
T0980,D022,3
T0980,D003,3
T0980,D012,2
T0980,D011,4
T0980,D016,3
T0980,D019,3
T0980,D026,5
T0980,D007,3
T0980,D010,3
T0980,D002,2
T0980,D020,3
T0980,D015,3
T0980,D009,4
T0980,D017,4
T0980,D025,3
T0980,D013,2
T0981,D010,5
T0981,D018,4
T0981,D009,5
T0981,D013,3
T0981,D011,4
T0981,D001,4
T0981,D004,4
T0981,D026,5
T0981,D016,3
T0982,D013,5
T0982,D002,3
T0982,D023,4
T0982,D003,4
T0982,D020,4
T0982,D017,3
T0982,D008,3
T0982,D016,2
T0982,D021,4
T0982,D014,3
T0982,D015,4
T0982,D004,3
T0982,D001,4
T0982,D011,4
T0983,D006,4
T0983,D015,4
T0983,D025,3
T0983,D021,4
T0983,D016,3
T0983,D018,4
T0983,D026,3
T0983,D001,4
T0984,D003,4
T0984,D018,4
T0984,D012,4
T0984,D022,4
T0984,D017,4
T0984,D007,4
T0984,D001,4
T0984,D006,4
T0984,D013,4
T0984,D005,3
T0984,D010,4
T0984,D015,4
T0984,D020,4
T0985,D024,4
T0985,D008,3
T0985,D012,3
T0985,D011,4
T0985,D007,4
T0985,D023,3
T0985,D013,3
T0985,D005,4
T0985,D014,3
T0985,D016,3
T0985,D015,4
T0985,D021,4
T0985,D017,2
T0986,D022,4
T0986,D024,5
T0986,D009,4
T0986,D005,5
T0986,D015,4
T0986,D010,4
T0986,D018,4
T0986,D026,4
T0986,D006,4
T0986,D002,4
T0987,D020,4
T0987,D025,3
T0987,D001,4
T0987,D026,3
T0987,D010,3
T0987,D012,4
T0987,D005,3
T0987,D002,4
T0987,D018,3
T0987,D015,4
T0988,D026,3
T0988,D005,3
T0988,D015,4
T0988,D009,3
T0988,D012,3
T0988,D008,4
T0988,D002,3
T0988,D013,5
T0988,D022,3
T0988,D021,5
T0988,D019,4
T0988,D006,3
T0988,D018,3
T0988,D017,2
T0988,D014,4
T0988,D004,3
T0989,D013,4
T0989,D015,4
T0989,D001,4
T0989,D022,3
T0989,D017,3
T0989,D023,3
T0989,D024,4
T0989,D021,4
T0989,D011,3
T0989,D018,3
T0989,D020,4
T0989,D007,4
T0989,D026,4
T0989,D008,4
T0990,D024,3
T0990,D023,4
T0990,D001,4
T0990,D017,4
T0990,D010,3
T0990,D009,4
T0990,D002,3
T0990,D011,4
T0990,D018,4
T0990,D012,4
T0990,D006,4
T0990,D016,3
T0990,D022,5
T0990,D013,4
T0990,D004,4
T0990,D026,5
T0990,D003,3
T0991,D002,3
T0991,D004,3
T0991,D026,3
T0991,D021,3
T0991,D016,3
T0991,D001,3
T0991,D018,3
T0991,D009,3
T0991,D023,4
T0991,D015,4
T0992,D003,3
T0992,D015,5
T0992,D024,5
T0992,D005,3
T0992,D016,2
T0992,D004,4
T0992,D017,3
T0992,D006,4
T0992,D020,2
T0992,D007,3
T0993,D007,4
T0993,D006,3
T0993,D021,5
T0993,D003,4
T0993,D016,3
T0993,D022,3
T0993,D017,2
T0993,D011,3
T0994,D007,4
T0994,D005,3
T0994,D010,3
T0994,D023,3
T0994,D025,3
T0994,D003,3
T0994,D016,2
T0994,D020,4
T0994,D006,4
T0994,D012,3
T0994,D001,4
T0994,D011,4
T0994,D021,4
T0995,D019,4
T0995,D013,3
T0995,D010,4
T0995,D006,4
T0995,D009,4
T0995,D025,2
T0995,D022,5
T0995,D002,4
T0995,D001,4
T0995,D008,3
T0995,D005,4
T0995,D004,3
T0996,D002,3
T0996,D009,4
T0996,D011,3
T0996,D007,2
T0996,D006,3
T0996,D021,3
T0996,D001,4
T0996,D014,3
T0996,D003,3
T0997,D023,4
T0997,D015,3
T0997,D020,3
T0997,D005,3
T0997,D007,3
T0997,D016,4
T0997,D021,3
T0997,D017,4
T0997,D026,4
T0997,D018,5
T0998,D011,4
T0998,D019,3
T0998,D003,4
T0998,D021,4
T0998,D017,4
T0998,D006,4
T0998,D001,4
T0998,D007,3
T0998,D013,3
T0998,D026,3
T0998,D022,4
T0998,D016,4
T0998,D020,4
T0998,D018,4
T0998,D004,3
T0998,D005,3
T0998,D024,4
T0999,D016,3
T0999,D014,4
T0999,D004,4
T0999,D009,4
T0999,D017,3
T0999,D021,4
T0999,D003,5
T0999,D001,4
T0999,D026,4
T0999,D007,4
T0999,D024,3
T0999,D020,3
T0999,D002,4
T0999,D011,3
T0999,D010,3
T1000,D025,2
T1000,D017,4
T1000,D009,5
T1000,D002,4
T1000,D008,3
T1000,D006,4
T1000,D022,5
T1000,D024,4
T1000,D018,4
T1000,D007,3
T1000,D011,3
T1000,D003,3
T1000,D023,4
T1001,D013,4
T1001,D017,4
T1001,D010,3
T1001,D021,4
T1001,D015,3
T1001,D025,4
T1001,D004,4
T1001,D002,3
T1001,D022,4
T1001,D011,4
T1001,D018,4
T1001,D024,3
T1001,D023,4
T1002,D007,4
T1002,D014,4
T1002,D019,4
T1002,D023,4
T1002,D001,4
T1002,D006,3
T1002,D020,3
T1002,D015,4
T1002,D011,4
T1002,D003,4
T1003,D021,4
T1003,D023,3
T1003,D005,3
T1003,D007,2
T1003,D013,4
T1003,D019,4
T1003,D009,4
T1003,D008,3
T1003,D016,4
T1003,D010,4
T1003,D002,4
T1003,D018,3
T1003,D003,2
T1004,D018,3
T1004,D013,5
T1004,D016,2
T1004,D007,4
T1004,D019,5
T1004,D002,3
T1004,D024,3
T1004,D008,4
T1004,D001,4
T1004,D006,4
T1004,D015,3
T1004,D022,4
T1004,D005,3
T1005,D011,4
T1005,D014,3
T1005,D020,4
T1005,D016,4
T1005,D004,3
T1005,D001,4
T1005,D017,3
T1005,D021,4
T1005,D010,3
T1005,D007,4
T1005,D013,4
T1005,D026,4
T1005,D003,4
T1005,D023,4
T1005,D006,4
T1005,D005,3
T1005,D012,4
T1006,D019,5
T1006,D009,4
T1006,D024,3
T1006,D018,2
T1006,D023,4
T1006,D021,4
T1006,D005,3
T1006,D011,4
T1006,D006,3
T1006,D014,3
T1007,D021,4
T1007,D019,4
T1007,D026,4
T1007,D017,3
T1007,D015,4
T1007,D025,3
T1007,D013,5
T1007,D001,4
T1007,D016,4
T1007,D014,4
T1007,D011,4
T1007,D012,4
T1008,D026,4
T1008,D004,3
T1008,D013,4
T1008,D006,3
T1008,D022,3
T1008,D007,3
T1008,D021,4
T1008,D023,3
T1008,D008,3
T1008,D011,3
T1009,D012,3
T1009,D021,3
T1009,D013,4
T1009,D010,4
T1009,D024,5
T1009,D001,4
T1009,D009,4
T1009,D022,5
T1009,D002,5
T1010,D016,3
T1010,D007,5
T1010,D014,3
T1010,D010,3
T1010,D003,5
T1010,D022,4
T1010,D018,3
T1010,D015,4
T1010,D026,3
T1011,D013,3
T1011,D006,4
T1011,D021,4
T1011,D019,3
T1011,D025,3
T1011,D004,4
T1011,D017,3
T1011,D024,3
T1011,D020,4
T1011,D003,3
T1011,D001,5
T1011,D015,4
T1011,D026,4
T1011,D011,4
T1012,D005,3
T1012,D019,5
T1012,D011,4
T1012,D018,3
T1012,D001,4
T1012,D017,3
T1012,D010,3
T1012,D021,4
T1012,D003,4
T1012,D009,3
T1012,D002,4
T1013,D008,4
T1013,D014,3
T1013,D002,3
T1013,D007,3
T1013,D022,3
T1013,D021,4
T1013,D003,3
T1013,D011,3
T1013,D013,5
T1013,D009,4
T1014,D015,4
T1014,D003,4
T1014,D012,3
T1014,D006,4
T1014,D025,3
T1014,D016,3
T1014,D022,3
T1014,D021,4
T1014,D009,3
T1014,D011,3
T1014,D004,4
T1015,D023,3
T1015,D003,3
T1015,D010,3
T1015,D015,2
T1015,D001,2
T1015,D026,4
T1015,D013,3
T1015,D022,3
T1015,D007,3
T1015,D014,2
T1016,D015,4
T1016,D017,4
T1016,D022,4
T1016,D024,3
T1016,D001,3
T1016,D016,3
T1016,D007,4
T1016,D014,3
T1016,D008,4
T1016,D019,3
T1016,D021,4
T1016,D004,3
T1016,D006,5
T1016,D013,4
T1017,D009,4
T1017,D003,3
T1017,D002,3
T1017,D017,4
T1017,D008,3
T1017,D014,3
T1017,D020,4
T1017,D018,5
T1017,D012,4
T1017,D024,4
T1017,D021,3
T1017,D026,4
T1017,D013,4
T1017,D019,3
T1018,D004,3
T1018,D015,3
T1018,D013,3
T1018,D010,4
T1018,D020,3
T1018,D006,4
T1018,D009,4
T1018,D008,3
T1018,D018,3
T1018,D002,3
T1018,D022,3
T1018,D023,4
T1018,D007,3
T1019,D024,3
T1019,D022,2
T1019,D008,3
T1019,D009,4
T1019,D026,5
T1019,D016,2
T1019,D025,4
T1019,D007,3
T1019,D001,3
T1019,D021,3
T1019,D006,2
T1019,D019,3
T1019,D010,4
T1020,D023,3
T1020,D006,4
T1020,D024,4
T1020,D008,3
T1020,D003,3
T1020,D019,3
T1020,D026,3
T1020,D017,4
T1020,D004,4
T1021,D026,3
T1021,D013,4
T1021,D025,2
T1021,D018,4
T1021,D015,4
T1021,D006,4
T1021,D004,4
T1021,D002,3
T1021,D003,3
T1021,D007,3
T1021,D010,3
T1021,D017,4
T1021,D019,3
T1021,D001,3
T1022,D016,3
T1022,D026,3
T1022,D001,3
T1022,D019,4
T1022,D025,3
T1022,D007,4
T1022,D008,3
T1022,D013,5
T1022,D021,4
T1022,D002,3
T1022,D009,3
T1022,D006,3
T1022,D024,2
T1022,D018,2
T1023,D001,4
T1023,D026,4
T1023,D016,3
T1023,D011,3
T1023,D007,2
T1023,D017,4
T1023,D013,3
T1023,D024,4
T1023,D006,4
T1023,D025,3
T1023,D004,4
T1023,D021,3
T1023,D005,3
T1023,D018,3
T1024,D012,3
T1024,D017,3
T1024,D010,4
T1024,D006,3
T1024,D026,4
T1024,D016,4
T1024,D004,3
T1024,D007,3
T1024,D021,3
T1024,D019,3
T1024,D011,4
T1024,D001,4
T1025,D010,4
T1025,D003,3
T1025,D026,4
T1025,D020,3
T1025,D019,4
T1025,D011,3
T1025,D024,3
T1025,D009,3
T1026,D018,4
T1026,D009,4
T1026,D008,3
T1026,D005,4
T1026,D019,3
T1026,D024,5
T1026,D017,4
T1026,D004,5
T1026,D026,4
T1027,D001,4
T1027,D026,3
T1027,D019,4
T1027,D006,4
T1027,D013,4
T1027,D011,4
T1027,D008,4
T1027,D003,5
T1027,D007,3
T1027,D024,3
T1027,D015,4
T1027,D010,2
T1027,D009,3
T1027,D004,3
T1027,D014,4
T1027,D023,3
T1028,D004,4
T1028,D018,3
T1028,D005,3
T1028,D014,4
T1028,D022,4
T1028,D001,5
T1028,D012,4
T1028,D009,3
T1028,D019,3
T1028,D003,3
T1029,D026,4
T1029,D009,5
T1029,D017,4
T1029,D022,4
T1029,D004,4
T1029,D013,4
T1029,D005,5
T1029,D001,4
T1029,D007,2
T1029,D018,4
T1029,D021,3
T1029,D002,4
T1029,D015,3
T1030,D019,3
T1030,D001,3
T1030,D006,3
T1030,D018,3
T1030,D014,3
T1030,D025,2
T1030,D007,4
T1030,D021,4
T1030,D011,4
T1030,D015,4
T1030,D008,4
T1030,D020,3
T1030,D012,3
T1030,D004,3
T1030,D023,4
T1030,D003,4
T1031,D008,4
T1031,D007,3
T1031,D021,4
T1031,D013,4
T1031,D009,3
T1031,D019,4
T1031,D011,3
T1031,D004,3
T1032,D017,3
T1032,D014,4
T1032,D009,4
T1032,D018,3
T1032,D004,3
T1032,D013,3
T1032,D026,5
T1032,D025,3
T1032,D008,3
T1032,D005,4
T1032,D016,3
T1032,D015,4
T1032,D006,3
T1032,D011,3
T1032,D024,3
T1033,D019,4
T1033,D006,2
T1033,D005,4
T1033,D003,2
T1033,D013,3
T1033,D024,4
T1033,D009,3
T1033,D012,3
T1033,D002,3
T1033,D022,3
T1033,D011,3
T1033,D021,3
T1033,D010,3
T1033,D014,3
T1033,D015,4
T1034,D013,3
T1034,D026,4
T1034,D011,4
T1034,D010,4
T1034,D001,3
T1034,D004,3
T1034,D009,4
T1034,D024,3
T1034,D005,2
T1034,D012,2
T1034,D016,3
T1035,D010,4
T1035,D001,5
T1035,D012,4
T1035,D023,5
T1035,D024,4
T1035,D006,5
T1035,D004,3
T1035,D015,2
T1035,D019,3
T1035,D011,4
T1035,D021,3
T1035,D007,3
T1036,D007,3
T1036,D023,4
T1036,D009,4
T1036,D002,3
T1036,D001,4
T1036,D008,2
T1036,D015,4
T1037,D013,5
T1037,D004,3
T1037,D008,5
T1037,D016,3
T1037,D021,5
T1037,D007,4
T1037,D012,3
T1037,D015,5
T1037,D014,4
T1037,D026,3
T1037,D006,3
T1038,D019,3
T1038,D015,4
T1038,D014,2
T1038,D005,3
T1038,D021,3
T1038,D013,4
T1038,D017,3
T1038,D025,3
T1038,D026,4
T1038,D007,4
T1038,D001,4
T1039,D026,4
T1039,D006,4
T1039,D018,3
T1039,D024,4
T1039,D012,4
T1039,D015,3
T1039,D021,4
T1039,D020,4
T1039,D011,4
T1039,D001,4
T1040,D014,4
T1040,D003,4
T1040,D020,3
T1040,D025,3
T1040,D026,3
T1040,D021,4
T1040,D015,4
T1040,D009,3
T1040,D002,2
T1040,D006,2
T1040,D019,3
T1040,D013,4
T1041,D015,4
T1041,D019,4
T1041,D013,5
T1041,D003,3
T1041,D014,4
T1041,D011,4
T1041,D022,3
T1041,D021,5
T1041,D024,3
T1042,D023,3
T1042,D004,3
T1042,D011,3
T1042,D013,4
T1042,D022,4
T1042,D006,4
T1042,D005,2
T1042,D003,4
T1042,D008,5
T1042,D019,4
T1043,D014,4
T1043,D026,3
T1043,D020,3
T1043,D003,4
T1043,D006,2
T1043,D021,5
T1043,D015,3
T1043,D004,2
T1043,D009,3
T1043,D019,4
T1043,D008,5
T1043,D001,3
T1043,D022,2
T1043,D007,4
T1043,D013,4
T1043,D016,2
T1044,D014,3
T1044,D012,3
T1044,D008,3
T1044,D009,4
T1044,D015,4
T1044,D010,3
T1044,D006,4
T1044,D018,3
T1044,D003,4
T1044,D022,4
T1044,D024,4
T1044,D002,4
T1044,D005,3
T1044,D001,4
T1044,D011,3
T1044,D016,3
T1044,D021,4
T1044,D019,4
T1044,D023,3
T1044,D007,4
T1044,D017,3
T1045,D015,3
T1045,D002,2
T1045,D022,2
T1045,D020,3
T1045,D014,4
T1045,D019,4
T1045,D006,2
T1045,D012,3
T1045,D004,3
T1045,D013,4
T1045,D007,3
T1046,D006,4
T1046,D014,3
T1046,D022,4
T1046,D001,5
T1046,D013,4
T1046,D012,4
T1046,D015,3
T1046,D010,3
T1046,D017,4
T1046,D007,3
T1046,D026,4
T1046,D002,3
T1046,D019,3
T1046,D025,3
T1046,D020,4
T1046,D023,3
T1046,D011,3
T1047,D011,4
T1047,D016,4
T1047,D020,4
T1047,D014,4
T1047,D008,3
T1047,D018,3
T1047,D010,4
T1047,D021,5
T1047,D006,4
T1047,D002,4
T1047,D024,3
T1047,D017,4
T1047,D012,4
T1047,D004,3
T1047,D019,4
T1047,D007,3
T1048,D014,2
T1048,D001,3
T1048,D021,4
T1048,D024,4
T1048,D005,3
T1048,D020,4
T1048,D013,3
T1048,D012,4
T1048,D003,4
T1048,D006,4
T1048,D026,4
T1048,D010,4
T1049,D005,3
T1049,D013,4
T1049,D004,3
T1049,D014,3
T1049,D026,4
T1049,D016,3
T1049,D009,3
T1049,D011,4
T1049,D006,4
T1049,D019,4
T1049,D022,4
T1049,D007,4
T1049,D008,4
T1050,D026,5
T1050,D005,5
T1050,D013,4
T1050,D019,3
T1050,D018,4
T1050,D004,5
T1050,D006,4
T1050,D007,3
T1050,D001,4
T1050,D022,5
T1050,D021,3
T1050,D015,4
T1050,D002,4
T1051,D001,5
T1051,D022,3
T1051,D018,4
T1051,D020,4
T1051,D021,3
T1051,D025,3
T1051,D019,3
T1051,D026,3
T1051,D011,5
T1051,D013,3
T1051,D023,5
T1051,D007,3
T1051,D016,5
T1051,D017,4
T1052,D025,3
T1052,D013,4
T1052,D017,3
T1052,D001,4
T1052,D006,3
T1052,D011,4
T1052,D015,3
T1052,D003,3
T1052,D024,4
T1052,D019,4
T1052,D018,3
T1052,D005,3
T1052,D010,3
T1052,D002,4
T1052,D014,2
T1053,D011,3
T1053,D023,3
T1053,D017,5
T1053,D026,5
T1053,D010,5
T1053,D024,4
T1053,D004,4
T1053,D022,5
T1053,D009,4
T1053,D018,4
T1053,D006,4
T1053,D016,4
T1054,D014,3
T1054,D006,3
T1054,D022,3
T1054,D019,4
T1054,D015,3
T1054,D016,2
T1054,D021,3
T1054,D007,3
T1054,D001,4
T1054,D023,3
T1054,D003,3
T1054,D026,4
T1054,D011,3
T1054,D008,3
T1054,D018,3
T1054,D020,3
T1055,D021,2
T1055,D002,4
T1055,D005,3
T1055,D013,3
T1055,D006,3
T1055,D004,4
T1055,D022,4
T1055,D026,4
T1055,D010,4
T1055,D017,2
T1055,D018,4
T1056,D010,4
T1056,D026,3
T1056,D015,5
T1056,D024,4
T1056,D002,3
T1056,D008,3
T1056,D011,3
T1056,D013,4
T1056,D023,4
T1056,D007,3
T1056,D014,3
T1056,D001,4
T1057,D015,4
T1057,D005,2
T1057,D023,4
T1057,D001,5
T1057,D024,3
T1057,D026,3
T1057,D021,5
T1057,D017,3
T1057,D013,4
T1057,D019,4
T1057,D014,4
T1057,D006,4
T1057,D007,4
T1057,D016,3
T1057,D002,3
T1057,D003,5
T1058,D016,3
T1058,D008,4
T1058,D026,3
T1058,D020,3
T1058,D006,3
T1058,D023,3
T1058,D022,3
T1058,D013,4
T1058,D003,5
T1058,D018,3
T1058,D009,4
T1059,D023,3
T1059,D006,4
T1059,D008,3
T1059,D011,4
T1059,D013,4
T1059,D026,4
T1059,D018,4
T1060,D023,3
T1060,D013,3
T1060,D005,4
T1060,D018,5
T1060,D010,5
T1060,D007,3
T1060,D015,4
T1060,D002,4
T1060,D009,4
T1060,D022,4
T1060,D024,5
T1060,D019,4
T1061,D012,3
T1061,D002,3
T1061,D018,3
T1061,D013,3
T1061,D025,3
T1061,D011,3
T1061,D010,4
T1061,D019,3
T1061,D008,2
T1061,D022,3
T1061,D024,3
T1061,D026,4
T1061,D009,3
T1061,D017,3
T1061,D014,2
T1062,D017,3
T1062,D024,2
T1062,D010,4
T1062,D011,3
T1062,D019,2
T1062,D014,4
T1062,D021,3
T1062,D015,3
T1062,D012,2
T1062,D004,3
T1062,D026,4
T1062,D003,3
T1062,D002,3
T1062,D008,3
T1062,D018,3
T1062,D007,4
T1063,D017,4
T1063,D019,4
T1063,D009,4
T1063,D020,3
T1063,D006,4
T1063,D001,4
T1063,D007,3
T1063,D005,5
T1063,D016,2
T1063,D022,5
T1063,D010,5
T1063,D004,5
T1063,D026,4
T1063,D024,5
T1063,D013,3
T1064,D021,4
T1064,D015,4
T1064,D001,4
T1064,D013,4
T1064,D005,5
T1064,D010,4
T1064,D003,3
T1064,D002,5
T1064,D008,4
T1064,D022,5
T1065,D007,3
T1065,D001,4
T1065,D012,3
T1065,D013,4
T1065,D002,4
T1065,D017,4
T1065,D024,4
T1065,D005,3
T1065,D006,4
T1065,D018,3
T1065,D023,3
T1065,D015,4
T1065,D004,4
T1066,D004,3
T1066,D012,3
T1066,D025,3
T1066,D020,3
T1066,D011,4
T1066,D008,4
T1066,D021,4
T1066,D009,3
T1066,D016,3
T1066,D001,4
T1066,D013,4
T1066,D006,3
T1066,D018,3
T1066,D024,3
T1066,D015,3
T1067,D018,4
T1067,D011,5
T1067,D023,5
T1067,D016,4
T1067,D012,4
T1067,D019,3
T1067,D017,4
T1067,D021,3
T1067,D013,3
T1067,D006,5
T1067,D022,4
T1068,D020,4
T1068,D002,4
T1068,D017,3
T1068,D011,4
T1068,D015,4
T1068,D022,3
T1068,D024,3
T1068,D012,4
T1068,D003,4
T1068,D001,3
T1068,D008,4
T1068,D009,3
T1068,D013,5
T1068,D021,4
T1069,D014,3
T1069,D010,4
T1069,D008,3
T1069,D015,4
T1069,D006,3
T1069,D009,3
T1069,D013,5
T1069,D019,4
T1069,D002,3
T1069,D007,3
T1069,D004,2
T1069,D011,4
T1069,D021,4
T1069,D022,3
T1069,D016,3
T1069,D005,3
T1070,D015,4
T1070,D008,3
T1070,D025,3
T1070,D019,4
T1070,D005,4
T1070,D007,4
T1070,D001,4
T1070,D013,3
T1070,D026,4
T1070,D018,3
T1070,D006,4
T1071,D021,3
T1071,D018,3
T1071,D004,3
T1071,D026,4
T1071,D013,2
T1071,D019,3
T1072,D013,4
T1072,D010,3
T1072,D012,5
T1072,D015,4
T1072,D009,4
T1072,D014,3
T1072,D007,5
T1072,D011,4
T1072,D006,4
T1072,D020,5
T1072,D024,3
T1073,D001,3
T1073,D006,4
T1073,D021,4
T1073,D010,3
T1073,D023,5
T1073,D017,3
T1073,D016,3
T1073,D020,4
T1073,D013,3
T1073,D011,4
T1073,D009,4
T1074,D022,4
T1074,D024,3
T1074,D010,3
T1074,D016,4
T1074,D015,4
T1074,D019,3
T1074,D008,3
T1074,D004,3
T1074,D021,4
T1074,D005,4
T1074,D018,4
T1074,D026,3
T1075,D014,4
T1075,D020,4
T1075,D025,3
T1075,D013,4
T1075,D011,3
T1075,D016,4
T1075,D012,3
T1075,D003,4
T1075,D024,3
T1075,D018,3
T1076,D020,3
T1076,D016,4
T1076,D023,5
T1076,D015,3
T1076,D021,3
T1076,D025,2
T1076,D009,4
T1076,D022,3
T1076,D026,5
T1076,D013,3
T1076,D010,4
T1076,D004,3
T1076,D008,2
T1076,D018,3
T1077,D004,3
T1077,D002,3
T1077,D003,4
T1077,D018,3
T1077,D022,3
T1077,D024,3
T1077,D007,3
T1077,D016,4
T1077,D012,4
T1077,D013,4
T1077,D023,4
T1077,D026,3
T1077,D006,4
T1077,D021,4
T1077,D014,3
T1077,D009,3
T1077,D008,3
T1078,D022,3
T1078,D013,3
T1078,D003,3
T1078,D008,4
T1078,D016,3
T1078,D021,4
T1078,D026,3
T1078,D010,3
T1078,D007,3
T1078,D002,3
T1078,D001,4
T1078,D023,4
T1078,D011,4
T1078,D004,2
T1079,D023,4
T1079,D008,3
T1079,D019,4
T1079,D015,2
T1079,D010,3
T1079,D021,4
T1079,D025,3
T1079,D009,3
T1079,D016,3
T1079,D003,4
T1080,D018,3
T1080,D001,5
T1080,D008,4
T1080,D011,4
T1080,D016,3
T1080,D019,4
T1080,D010,3
T1080,D015,4
T1080,D014,3
T1080,D009,4
T1080,D003,4
T1081,D018,4
T1081,D021,3
T1081,D026,4
T1081,D024,5
T1081,D015,5
T1081,D014,2
T1081,D010,3
T1081,D017,3
T1081,D011,2
T1082,D011,3
T1082,D001,3
T1082,D014,2
T1082,D002,4
T1082,D009,5
T1082,D004,3
T1082,D010,5
T1082,D022,5
T1082,D003,3
T1082,D005,4
T1083,D017,4
T1083,D001,4
T1083,D013,3
T1083,D019,3
T1083,D010,5
T1083,D005,5
T1083,D022,5
T1083,D018,4
T1083,D012,2
T1083,D009,5
T1083,D006,4
T1083,D002,4
T1083,D004,4
T1084,D012,2
T1084,D009,4
T1084,D005,3
T1084,D021,3
T1084,D017,4
T1084,D015,4
T1084,D004,4
T1084,D001,3
T1084,D025,2
T1084,D010,4
T1084,D018,4
T1084,D024,4
T1084,D026,4
T1084,D020,3
T1084,D016,3
T1084,D019,3
T1085,D008,2
T1085,D017,3
T1085,D016,3
T1085,D026,4
T1085,D015,3
T1085,D006,4
T1085,D023,4
T1085,D014,2
T1085,D018,3
T1085,D011,3
T1085,D010,3
T1085,D012,3
T1086,D008,3
T1086,D020,4
T1086,D010,4
T1086,D021,3
T1086,D024,4
T1086,D011,4
T1086,D018,4
T1086,D007,3
T1086,D012,4
T1086,D014,3
T1086,D023,3
T1086,D004,4
T1086,D022,4
T1087,D023,4
T1087,D003,4
T1087,D020,3
T1087,D015,3
T1087,D016,3
T1087,D025,3
T1087,D001,3
T1087,D010,3
T1087,D012,2
T1087,D007,3
T1088,D010,3
T1088,D012,3
T1088,D020,3
T1088,D007,4
T1088,D021,5
T1088,D023,3
T1088,D022,2
T1088,D003,4
T1088,D013,5
T1088,D008,5
T1088,D005,3
T1088,D001,4
T1088,D002,3
T1088,D019,5
T1089,D024,3
T1089,D026,4
T1089,D015,5
T1089,D007,5
T1089,D009,4
T1089,D006,4
T1089,D013,4
T1089,D011,4
T1089,D019,5
T1089,D012,3
T1089,D016,4
T1090,D007,3
T1090,D008,2
T1090,D023,3
T1090,D022,3
T1090,D010,4
T1090,D005,3
T1090,D003,3
T1090,D026,4
T1090,D017,4
T1091,D020,4
T1091,D019,4
T1091,D008,4
T1091,D021,4
T1091,D006,3
T1091,D013,4
T1091,D011,4
T1091,D002,3
T1091,D023,4
T1091,D015,4
T1091,D016,3
T1091,D009,3
T1092,D014,4
T1092,D023,3
T1092,D002,4
T1092,D005,3
T1092,D012,3
T1092,D024,3
T1092,D006,3
T1092,D019,4
T1092,D010,4
T1092,D018,2
T1092,D003,3
T1092,D008,3
T1092,D021,4
T1092,D022,3
T1093,D016,3
T1093,D002,3
T1093,D023,4
T1093,D005,3
T1093,D010,3
T1093,D020,3
T1093,D008,3
T1093,D015,4
T1093,D019,4
T1093,D001,4
T1093,D017,3
T1093,D006,4
T1093,D025,3
T1094,D007,4
T1094,D006,3
T1094,D012,3
T1094,D004,3
T1094,D019,4
T1094,D026,3
T1094,D020,4
T1094,D013,4
T1094,D022,3
T1094,D014,4
T1094,D017,3
T1094,D011,4
T1095,D009,4
T1095,D022,4
T1095,D026,4
T1095,D024,5
T1095,D006,4
T1095,D003,2
T1095,D001,3
T1095,D016,3
T1095,D014,2
T1095,D021,3
T1095,D005,4
T1095,D013,4
T1095,D010,4
T1095,D025,2
T1095,D019,3
T1095,D002,4
T1096,D005,4
T1096,D010,3
T1096,D021,4
T1096,D017,4
T1096,D004,5
T1096,D024,3
T1096,D002,3
T1096,D014,2
T1096,D025,3
T1096,D013,3
T1096,D009,5
T1097,D026,4
T1097,D009,3
T1097,D014,4
T1097,D021,3
T1097,D005,3
T1097,D003,3
T1097,D024,4
T1097,D011,3
T1097,D015,4
T1097,D016,3
T1097,D006,3
T1097,D004,4
T1097,D002,3
T1097,D007,3
T1098,D006,5
T1098,D012,5
T1098,D022,4
T1098,D009,3
T1098,D020,4
T1098,D018,4
T1098,D023,4
T1098,D013,4
T1098,D005,4
T1098,D002,4
T1098,D015,3
T1098,D008,3
T1099,D003,3
T1099,D011,4
T1099,D026,4
T1099,D006,4
T1099,D018,4
T1099,D004,4
T1099,D001,4
T1099,D013,3
T1100,D021,4
T1100,D010,3
T1100,D022,3
T1100,D011,5
T1100,D012,4
T1100,D001,4
T1100,D019,4
T1100,D020,4
T1101,D006,4
T1101,D001,3
T1101,D013,4
T1101,D007,4
T1101,D014,4
T1101,D019,4
T1101,D015,4
T1101,D018,3
T1101,D011,3
T1101,D010,4
T1102,D022,4
T1102,D012,2
T1102,D005,4
T1102,D010,4
T1102,D006,3
T1102,D011,3
T1102,D015,5
T1102,D004,4
T1103,D024,3
T1103,D026,4
T1103,D011,4
T1103,D002,4
T1103,D016,3
T1103,D007,3
T1103,D003,4
T1103,D010,4
T1103,D017,4
T1103,D013,3
T1104,D025,3
T1104,D022,3
T1104,D026,3
T1104,D007,3
T1104,D001,4
T1104,D006,4
T1104,D009,3
T1104,D003,4
T1104,D023,3
T1104,D018,3
T1104,D011,4
T1104,D024,4
T1104,D021,4
T1104,D016,3
T1105,D009,3
T1105,D006,4
T1105,D010,3
T1105,D012,3
T1105,D024,3
T1105,D001,4
T1105,D026,3
T1105,D011,4
T1105,D005,3
T1105,D007,3
T1105,D015,3
T1106,D006,3
T1106,D018,3
T1106,D001,4
T1106,D026,4
T1106,D004,3
T1106,D010,3
T1106,D019,3
T1107,D010,2
T1107,D015,4
T1107,D013,4
T1107,D003,3
T1107,D024,3
T1107,D026,3
T1107,D021,4
T1107,D019,4
T1107,D023,4
T1107,D011,4
T1107,D014,3
T1107,D002,2
T1107,D012,2
T1107,D016,3
T1108,D004,4
T1108,D023,4
T1108,D022,4
T1108,D001,3
T1108,D011,4
T1108,D018,5
T1108,D024,4
T1108,D010,4
T1108,D006,3
T1108,D016,4
T1108,D005,3
T1108,D026,5
T1108,D003,3
T1108,D013,4
T1109,D018,4
T1109,D009,4
T1109,D026,4
T1109,D016,4
T1109,D014,2
T1109,D013,3
T1109,D021,4
T1109,D025,3
T1109,D019,3
T1109,D011,4
T1109,D010,4
T1109,D015,3
T1109,D005,3
T1109,D001,4
T1109,D020,4
T1109,D006,4
T1110,D001,4
T1110,D009,3
T1110,D010,5
T1110,D017,4
T1110,D023,4
T1110,D026,5
T1110,D014,2
T1110,D024,4
T1110,D007,2
T1110,D004,4
T1110,D011,4
T1110,D003,3
T1110,D013,4
T1111,D016,3
T1111,D021,3
T1111,D018,3
T1111,D024,3
T1111,D020,3
T1111,D007,4
T1111,D001,4
T1111,D022,3
T1111,D013,4
T1111,D015,4
T1112,D009,3
T1112,D021,3
T1112,D015,4
T1112,D003,3
T1112,D019,4
T1112,D023,3
T1112,D007,3
T1112,D012,3
T1112,D001,4
T1112,D022,4
T1112,D005,3
T1112,D002,3
T1112,D024,3
T1112,D008,4
T1113,D023,3
T1113,D012,3
T1113,D026,4
T1113,D017,3
T1113,D008,3
T1113,D024,3
T1113,D013,4
T1114,D006,3
T1114,D022,4
T1114,D009,4
T1114,D010,4
T1114,D017,3
T1114,D004,3
T1114,D025,3
T1114,D014,2
T1115,D015,4
T1115,D021,4
T1115,D001,3
T1115,D004,3
T1115,D026,4
T1115,D013,5
T1115,D011,4
T1115,D017,3
T1115,D023,3
T1115,D010,3
T1115,D025,3
T1115,D008,3
T1116,D002,3
T1116,D016,4
T1116,D023,5
T1116,D011,4
T1116,D026,3
T1116,D009,4
T1116,D012,4
T1116,D019,3
T1116,D013,4
T1117,D010,4
T1117,D011,3
T1117,D009,4
T1117,D015,3
T1117,D003,3
T1117,D008,2
T1117,D026,4
T1117,D005,3
T1117,D021,3
T1117,D022,3
T1118,D009,4
T1118,D021,3
T1118,D004,4
T1118,D012,3
T1118,D013,4
T1118,D020,3
T1118,D023,2
T1118,D006,4
T1118,D010,4
T1118,D026,3
T1118,D014,2
T1118,D001,3
T1118,D005,4
T1118,D007,3
T1119,D013,3
T1119,D001,4
T1119,D011,4
T1119,D002,3
T1120,D011,4
T1120,D015,4
T1120,D022,4
T1120,D016,3
T1120,D005,3
T1120,D002,3
T1120,D010,4
T1120,D017,3
T1120,D023,3
T1120,D012,3
T1121,D022,3
T1121,D018,3
T1121,D005,3
T1121,D023,4
T1121,D011,4
T1121,D016,4
T1121,D010,4
T1121,D004,4
T1121,D013,3
T1122,D021,4
T1122,D015,4
T1122,D020,4
T1122,D003,4
T1122,D004,3
T1122,D019,5
T1122,D026,3
T1122,D014,3
T1123,D003,3
T1123,D022,4
T1123,D001,3
T1123,D017,4
T1123,D009,4
T1123,D024,4
T1123,D015,3
T1123,D005,4
T1123,D013,4
T1123,D002,4
T1123,D026,3
T1123,D018,4
T1123,D008,2
T1124,D016,3
T1124,D014,3
T1124,D006,4
T1124,D001,4
T1124,D022,4
T1124,D020,3
T1124,D004,3
T1124,D023,5
T1124,D017,4
T1124,D024,4
T1124,D019,3
T1124,D015,3
T1124,D007,3
T1124,D018,4
T1124,D013,5
T1125,D001,3
T1125,D024,3
T1125,D023,4
T1125,D011,3
T1125,D020,3
T1125,D015,3
T1125,D007,3
T1125,D017,3
T1125,D018,4
T1125,D022,3
T1125,D016,3
T1125,D025,3
T1126,D017,4
T1126,D008,3
T1126,D004,3
T1126,D014,4
T1126,D001,5
T1126,D002,3
T1126,D016,3
T1126,D010,3
T1126,D012,4
T1126,D011,4
T1126,D003,4
T1126,D006,4
T1127,D024,2
T1127,D010,3
T1127,D008,4
T1127,D006,3
T1127,D018,3
T1127,D013,4
T1127,D003,4
T1127,D001,4
T1127,D007,4
T1127,D022,3
T1127,D004,3
T1127,D005,3
T1128,D023,4
T1128,D006,4
T1128,D024,3
T1128,D026,4
T1128,D010,4
T1128,D016,3
T1128,D017,3
T1128,D022,3
T1128,D011,4
T1129,D008,4
T1129,D021,4
T1129,D024,4
T1129,D019,4
T1129,D007,3
T1129,D009,3
T1129,D010,3
T1129,D025,3
T1129,D006,4
T1129,D023,3
T1129,D013,4
T1129,D002,4
T1129,D020,3
T1129,D012,4
T1129,D001,5
T1129,D022,4
T1130,D012,3
T1130,D023,4
T1130,D019,4
T1130,D017,4
T1130,D021,5
T1130,D008,4
T1130,D010,3
T1130,D018,3
T1130,D007,4
T1130,D006,3
T1130,D005,3
T1130,D009,4
T1130,D013,5
T1131,D020,3
T1131,D012,3
T1131,D008,3
T1131,D002,4
T1131,D024,5
T1131,D007,3
T1131,D010,4
T1131,D017,4
T1131,D022,4
T1131,D015,4
T1131,D011,3
T1131,D018,4
T1131,D004,4
T1131,D009,4
T1131,D005,5
T1132,D003,4
T1132,D001,4
T1132,D011,3
T1132,D016,3
T1132,D019,4
T1132,D024,2
T1132,D026,4
T1132,D017,3
T1132,D021,3
T1132,D005,3
T1132,D002,3
T1132,D022,3
T1132,D025,3
T1132,D015,4
T1132,D006,3
T1133,D002,5
T1133,D007,2
T1133,D005,5
T1133,D013,4
T1133,D009,5
T1133,D026,5
T1133,D004,5
T1133,D017,4
T1133,D018,4
T1133,D022,5
T1134,D017,5
T1134,D024,3
T1134,D008,4
T1134,D004,4
T1134,D018,4
T1134,D022,4
T1134,D012,3
T1134,D010,4
T1134,D016,3
T1134,D021,4
T1134,D023,3
T1134,D015,4
T1134,D025,2
T1135,D017,4
T1135,D018,4
T1135,D005,4
T1135,D009,4
T1135,D004,4
T1135,D002,5
T1135,D023,3
T1135,D024,5
T1135,D012,3
T1135,D008,3
T1135,D020,3
T1135,D010,4
T1136,D019,3
T1136,D017,4
T1136,D010,3
T1136,D009,4
T1136,D013,4
T1136,D004,3
T1136,D023,4
T1136,D002,4
T1136,D022,4
T1136,D011,4
T1137,D022,5
T1137,D018,5
T1137,D004,4
T1137,D006,4
T1137,D001,3
T1137,D024,5
T1137,D009,4
T1137,D005,5
T1137,D017,4
T1137,D026,5
T1137,D015,4
T1137,D010,5
T1138,D023,3
T1138,D019,3
T1138,D009,5
T1138,D016,3
T1138,D017,4
T1138,D025,3
T1138,D022,3
T1138,D024,3
T1138,D005,3
T1138,D001,3
T1138,D010,4
T1138,D026,4
T1138,D003,3
T1138,D015,4
T1138,D006,3
T1138,D004,3
T1139,D004,4
T1139,D021,3
T1139,D010,4
T1139,D026,4
T1139,D016,3
T1139,D025,3
T1139,D018,4
T1139,D005,3
T1139,D002,4
T1139,D017,4
T1139,D024,4
T1139,D012,3
T1140,D023,3
T1140,D013,4
T1140,D012,5
T1140,D010,3
T1140,D002,5
T1140,D001,4
T1140,D017,4
T1140,D003,3
T1140,D022,4
T1140,D005,4
T1140,D021,4
T1140,D008,3
T1141,D012,3
T1141,D018,3
T1141,D011,4
T1141,D008,4
T1141,D020,4
T1141,D017,3
T1141,D026,3
T1141,D007,4
T1141,D004,2
T1141,D003,4
T1141,D001,4
T1141,D024,4
T1141,D009,3
T1142,D024,4
T1142,D015,4
T1142,D022,3
T1142,D001,4
T1142,D011,4
T1142,D006,3
T1142,D010,3
T1142,D021,4
T1142,D008,3
T1142,D019,5
T1142,D018,2
T1143,D021,4
T1143,D012,4
T1143,D013,5
T1143,D015,4
T1143,D023,3
T1143,D006,4
T1143,D020,4
T1143,D001,4
T1143,D014,4
T1143,D007,4
T1144,D004,4
T1144,D007,4
T1144,D002,3
T1144,D006,4
T1144,D003,4
T1144,D020,4
T1144,D013,4
T1144,D023,4
T1144,D025,4
T1144,D001,4
T1144,D010,3
T1145,D012,2
T1145,D006,4
T1145,D011,4
T1145,D004,3
T1145,D013,4
T1145,D021,5
T1145,D025,2
T1145,D019,4
T1145,D023,4
T1145,D001,5
T1146,D004,4
T1146,D003,3
T1146,D012,3
T1146,D011,4
T1146,D015,4
T1146,D026,4
T1146,D020,4
T1146,D025,2
T1146,D010,4
T1146,D008,3
T1146,D017,3
T1147,D009,3
T1147,D013,2
T1147,D010,4
T1147,D015,3
T1147,D019,3
T1147,D006,3
T1147,D005,2
T1147,D021,3
T1147,D001,3
T1147,D016,3
T1147,D003,3
T1147,D022,2
T1147,D007,3
T1148,D011,4
T1148,D007,3
T1148,D014,2
T1148,D010,4
T1148,D006,3
T1148,D005,3
T1148,D026,4
T1148,D025,2
T1148,D009,4
T1148,D017,3
T1149,D021,3
T1149,D003,2
T1149,D020,3
T1149,D023,4
T1149,D017,3
T1149,D015,2
T1149,D018,4
T1149,D002,3
T1150,D003,3
T1150,D017,4
T1150,D023,3
T1150,D004,3
T1150,D024,3
T1150,D008,2
T1150,D022,3
T1150,D025,3
T1150,D010,4
T1150,D018,4
T1150,D016,3
T1151,D012,3
T1151,D001,3
T1151,D010,4
T1151,D020,3
T1151,D011,3
T1151,D022,4
T1151,D005,4
T1151,D002,4
T1151,D018,3
T1151,D006,4
T1151,D021,4
T1151,D014,3
T1151,D015,4
T1151,D004,3
T1152,D015,3
T1152,D018,3
T1152,D001,4
T1152,D025,3
T1152,D022,4
T1152,D005,4
T1152,D013,4
T1152,D006,4
T1152,D024,4
T1152,D007,4
T1152,D023,4
T1153,D005,5
T1153,D001,4
T1153,D012,3
T1153,D004,5
T1153,D022,5
T1153,D002,5
T1153,D009,4
T1153,D014,2
T1153,D011,4
T1154,D022,4
T1154,D003,2
T1154,D004,3
T1154,D023,4
T1154,D012,3
T1154,D006,3
T1154,D015,3
T1154,D014,3
T1154,D009,4
T1154,D013,3
T1154,D007,3
T1154,D005,3
T1154,D024,3
T1154,D001,5
T1154,D017,4
T1154,D026,4
T1155,D009,3
T1155,D026,3
T1155,D016,3
T1155,D022,3
T1155,D003,2
T1155,D017,3
T1155,D014,3
T1156,D022,3
T1156,D006,3
T1156,D010,4
T1156,D005,2
T1156,D020,3
T1156,D019,3
T1156,D007,4
T1156,D026,5
T1156,D008,3
T1156,D003,3
T1156,D025,2
T1156,D018,3
T1156,D004,4
T1157,D005,3
T1157,D017,4
T1157,D026,4
T1157,D004,3
T1157,D012,3
T1157,D010,3
T1157,D023,4
T1157,D016,4
T1157,D013,3
T1157,D001,4
T1157,D019,3
T1157,D006,3
T1157,D024,3
T1157,D020,3
T1157,D003,3
T1157,D018,3
T1157,D015,3
T1158,D007,4
T1158,D019,4
T1158,D022,4
T1158,D012,3
T1158,D018,3
T1158,D008,3
T1158,D021,4
T1158,D013,4
T1158,D004,4
T1158,D026,3
T1158,D005,3
T1158,D011,4
T1158,D014,3
T1158,D002,3
T1159,D006,3
T1159,D001,3
T1159,D005,2
T1159,D020,3
T1159,D026,3
T1159,D017,3
T1159,D013,3
T1159,D007,4
T1159,D016,3
T1159,D023,3
T1159,D025,3
T1159,D011,4
T1160,D011,4
T1160,D022,3
T1160,D014,4
T1160,D021,4
T1160,D023,3
T1160,D019,4
T1160,D007,3
T1160,D009,4
T1160,D013,5
T1161,D008,3
T1161,D019,4
T1161,D011,4
T1161,D015,4
T1161,D017,3
T1161,D003,4
T1161,D001,4
T1161,D014,3
T1161,D016,3
T1161,D013,4
T1161,D024,3
T1161,D023,5
T1161,D026,4
T1161,D025,3
T1162,D016,3
T1162,D015,5
T1162,D001,4
T1162,D021,5
T1162,D013,5
T1162,D024,3
T1162,D007,5
T1162,D020,4
T1163,D026,3
T1163,D002,4
T1163,D011,4
T1163,D007,4
T1163,D017,3
T1163,D005,3
T1163,D003,3
T1163,D012,3
T1163,D025,3
T1163,D023,4
T1163,D022,3
T1163,D001,4
T1163,D019,3
T1163,D016,3
T1163,D004,3
T1163,D021,3
T1163,D018,3
T1164,D026,5
T1164,D009,4
T1164,D023,4
T1164,D019,4
T1164,D022,3
T1164,D002,3
T1164,D021,5
T1164,D020,3
T1165,D019,4
T1165,D002,3
T1165,D013,4
T1165,D008,4
T1165,D015,3
T1165,D017,2
T1165,D020,3
T1165,D009,3
T1165,D022,3
T1165,D006,3
T1165,D024,3
T1165,D001,3
T1166,D021,4
T1166,D014,3
T1166,D008,4
T1166,D024,4
T1166,D019,3
T1166,D022,3
T1166,D004,4
T1166,D012,3
T1166,D013,4
T1166,D023,3
T1166,D017,3
T1166,D001,4
T1167,D018,5
T1167,D010,5
T1167,D022,5
T1167,D026,3
T1167,D002,5
T1167,D001,3
T1167,D013,3
T1167,D009,5
T1167,D004,5
T1167,D005,5
T1167,D003,2
T1167,D017,4
T1167,D012,3
T1167,D024,4
T1167,D019,3
T1167,D006,3
T1167,D020,2
T1167,D015,4
T1168,D007,4
T1168,D013,5
T1168,D005,3
T1168,D015,4
T1168,D008,3
T1168,D006,4
T1168,D003,3
T1168,D024,3
T1168,D010,4
T1168,D023,4
T1169,D004,3
T1169,D026,4
T1169,D012,2
T1169,D015,4
T1169,D009,4
T1169,D006,4
T1169,D013,3
T1169,D008,3
T1169,D014,3
T1169,D018,3
T1169,D025,3
T1169,D003,3
T1169,D011,4
T1169,D001,5
T1169,D016,3
T1170,D025,2
T1170,D026,3
T1170,D024,3
T1170,D006,3
T1170,D004,3
T1170,D022,2
T1170,D002,4
T1170,D019,3
T1171,D010,5
T1171,D011,3
T1171,D023,4
T1171,D006,4
T1171,D018,3
T1171,D003,3
T1171,D024,3
T1171,D012,3
T1171,D005,3
T1171,D021,3
T1171,D017,2
T1171,D025,2
T1172,D020,4
T1172,D001,4
T1172,D003,3
T1172,D013,4
T1172,D002,3
T1172,D017,3
T1172,D004,4
T1172,D023,4
T1172,D015,3
T1172,D009,3
T1172,D006,3
T1172,D010,3
T1172,D012,4
T1172,D014,3
T1173,D006,4
T1173,D001,4
T1173,D012,3
T1173,D023,4
T1173,D004,4
T1173,D022,4
T1173,D026,5
T1173,D009,4
T1173,D011,4
T1173,D010,4
T1173,D018,4
T1173,D008,2
T1173,D015,3
T1174,D018,3
T1174,D020,4
T1174,D011,5
T1174,D024,3
T1174,D003,4
T1174,D026,4
T1174,D002,3
T1174,D023,5
T1174,D009,3
T1174,D004,3
T1174,D021,3
T1174,D016,5
T1174,D019,4
T1175,D006,4
T1175,D022,3
T1175,D026,3
T1175,D007,4
T1175,D016,2
T1175,D025,3
T1175,D009,3
T1175,D011,4
T1175,D015,5
T1175,D004,3
T1175,D002,3
T1175,D010,3
T1175,D008,4
T1176,D003,4
T1176,D009,3
T1176,D015,4
T1176,D020,3
T1176,D005,3
T1176,D011,4
T1176,D025,3
T1176,D004,4
T1176,D026,3
T1177,D014,4
T1177,D012,4
T1177,D004,4
T1177,D001,5
T1177,D007,3
T1177,D026,3
T1177,D019,4
T1177,D011,3
T1177,D003,3
T1177,D020,4
T1177,D021,4
T1177,D024,3
T1177,D015,3
T1178,D009,5
T1178,D015,4
T1178,D022,4
T1178,D018,4
T1178,D008,3
T1178,D005,5
T1178,D024,4
T1178,D016,3
T1178,D020,4
T1178,D025,3
T1178,D019,4
T1179,D016,3
T1179,D015,3
T1179,D003,2
T1179,D021,2
T1179,D001,3
T1179,D005,2
T1180,D009,4
T1180,D020,3
T1180,D010,4
T1180,D017,2
T1180,D015,4
T1180,D011,3
T1180,D007,2
T1180,D013,3
T1180,D018,2
T1180,D004,3
T1180,D023,3
T1180,D024,3
T1180,D026,4
T1181,D004,4
T1181,D017,3
T1181,D011,3
T1181,D018,3
T1181,D022,4
T1181,D008,3
T1181,D010,4
T1181,D026,4
T1181,D006,3
T1181,D016,3
T1181,D012,2
T1181,D023,3
T1182,D013,4
T1182,D021,4
T1182,D003,3
T1182,D022,3
T1182,D010,4
T1182,D014,3
T1182,D002,4
T1182,D020,3
T1182,D001,3
T1182,D019,4
T1182,D006,4
T1182,D011,4
T1182,D024,4
T1183,D024,2
T1183,D023,4
T1183,D011,4
T1183,D014,3
T1183,D006,3
T1183,D010,3
T1183,D019,2
T1183,D021,3
T1183,D026,5
T1183,D022,3
T1183,D018,3
T1183,D004,3
T1183,D013,3
T1183,D025,3
T1183,D001,4
T1183,D009,3
T1183,D016,3
T1183,D017,2
T1184,D022,3
T1184,D009,3
T1184,D007,4
T1184,D006,3
T1184,D026,4
T1184,D013,5
T1184,D024,3
T1184,D015,3
T1184,D023,4
T1184,D020,4
T1184,D014,3
T1184,D005,3
T1184,D008,3
T1184,D021,4
T1184,D004,3
T1184,D003,3
T1185,D015,5
T1185,D016,3
T1185,D011,3
T1185,D023,4
T1185,D002,3
T1185,D026,4
T1185,D019,5
T1185,D021,4
T1185,D003,5
T1185,D007,4
T1186,D020,4
T1186,D010,4
T1186,D001,4
T1186,D011,4
T1186,D008,4
T1186,D007,3
T1186,D024,3
T1186,D006,3
T1186,D023,4
T1186,D015,3
T1186,D026,4
T1186,D012,4
T1187,D001,4
T1187,D004,3
T1187,D011,4
T1187,D023,4
T1187,D010,3
T1187,D022,4
T1187,D020,3
T1187,D021,4
T1187,D007,3
T1187,D017,4
T1187,D013,4
T1187,D008,3
T1187,D019,4
T1187,D026,4
T1188,D015,4
T1188,D024,5
T1188,D010,4
T1188,D005,5
T1188,D017,5
T1188,D022,5
T1188,D018,5
T1188,D013,4
T1188,D019,3
T1188,D012,4
T1188,D002,4
T1188,D004,4
T1189,D026,4
T1189,D013,2
T1189,D018,4
T1189,D021,2
T1189,D002,3
T1189,D017,3
T1189,D010,5
T1189,D022,4
T1189,D009,3
T1190,D001,3
T1190,D023,4
T1190,D009,4
T1190,D026,4
T1190,D014,3
T1190,D005,2
T1190,D018,3
T1190,D017,3
T1190,D004,4
T1190,D022,3
T1190,D008,3
T1191,D015,4
T1191,D022,4
T1191,D004,4
T1191,D023,2
T1191,D005,5
T1191,D020,2
T1191,D011,3
T1191,D010,5
T1191,D019,4
T1191,D009,4
T1191,D006,4
T1191,D024,5
T1191,D021,3
T1191,D001,4
T1191,D018,4
T1191,D017,4
T1192,D026,3
T1192,D007,4
T1192,D021,5
T1192,D006,3
T1192,D023,3
T1192,D008,4
T1192,D009,3
T1192,D012,2
T1192,D015,5
T1192,D004,3
T1192,D019,5
T1192,D013,4
T1192,D010,3
T1192,D003,4
T1193,D009,4
T1193,D015,4
T1193,D018,4
T1193,D013,3
T1193,D006,4
T1193,D024,5
T1193,D016,3
T1193,D001,4
T1193,D008,3
T1193,D017,4
T1193,D003,3
T1193,D014,3
T1194,D020,3
T1194,D005,3
T1194,D021,3
T1194,D001,4
T1194,D002,3
T1194,D017,4
T1194,D003,4
T1194,D010,3
T1194,D026,4
T1194,D012,3
T1194,D009,3
T1195,D006,3
T1195,D015,4
T1195,D021,4
T1195,D014,3
T1195,D002,3
T1195,D019,4
T1195,D022,3
T1195,D013,5
T1195,D011,3
T1196,D010,5
T1196,D017,4
T1196,D006,4
T1196,D021,3
T1196,D024,4
T1196,D015,4
T1196,D009,4
T1196,D022,4
T1196,D004,5
T1196,D019,2
T1196,D018,4
T1196,D014,3
T1196,D011,3
T1196,D016,3
T1197,D013,4
T1197,D014,5
T1197,D020,4
T1197,D015,4
T1197,D007,4
T1197,D019,5
T1197,D003,4
T1197,D023,4
T1197,D021,5
T1197,D010,2
T1197,D016,2
T1197,D006,3
T1197,D002,3
T1197,D008,4
T1197,D022,2
T1197,D026,3
T1198,D001,4
T1198,D002,4
T1198,D018,3
T1198,D007,3
T1198,D026,3
T1198,D004,4
T1198,D012,4
T1198,D011,5
T1198,D014,3
T1198,D013,3
T1198,D008,3
T1198,D016,3
T1198,D006,4
T1198,D020,4
T1198,D021,4
T1199,D005,5
T1199,D006,4
T1199,D024,5
T1199,D004,5
T1199,D016,3
T1199,D018,5
T1199,D008,3
T1199,D022,5
T1199,D026,5
T1199,D010,5
T1199,D001,4
T1199,D002,5
T1200,D005,2
T1200,D013,5
T1200,D001,4
T1200,D021,4
T1200,D016,3
T1200,D008,4
T1200,D020,3
T1200,D019,4
T1200,D014,3
T1200,D003,4
T1200,D018,2
T1200,D026,3
T1200,D024,3
T1200,D004,2
T1200,D023,3
